id,title,body,category,priority
h09kzfln,Disponibilità articolo toolkit sviluppo,Siamo interessati a ordinare per sede Milano ma sul sito risulta non disponibile.,Commerciale,media
imk8gxe2,Accesso negato a upload file,Il sistema mi impedisce di entrare in sulla dashboard principale dicendo che non ho i permessi.,Tecnico,alta
qj3sp5f2,criticità nel modulo workflow,"Dopo l'aggiornamento alla versione 2. 3, sulla dashboard principale presenta diversi malfunzionamenti.",Tecnico,alta
bsnoun0r,Accesso negato a sincronizzazione,Le mie credenziali per in orario di punta non vengono più riconosciute.,Tecnico,alta
rt4w11e7,Pagamento prestazione professionale in sospeso,Il versamento relativo a l'importo convenuto non appare nell'estratto conto. È andato a buon fine?,Amministrazione,media
douesm8r,Tempi di consegna per toolkit sviluppo,Quanto tempo richiede l'evasione di deployment on-premise?,Commerciale,media
p78oylny,Sincronizzazione archiviazione,I dati in dalla versione 2. 3 non sono allineati con le altre sezioni del sistema.,Tecnico,media
wbec2cm9,Richiesta rimborso per rinnovo servizi,È possibile ottenere l'accredito di quanto versato per il pagamento ricorrente?,Amministrazione,media
n6rj2al3,bug nel modulo archiviazione,L'applicazione mostra errori sistematici in con file superiori a 10MB.,Tecnico,alta
aagze7i8,Stato ordine soluzione cloud,A che punto è l'evasione dell'ordine con SLA garantito?,Commerciale,media
0fpex0q2,Stato richiesta toolkit sviluppo,Potete fornirmi informazioni sulla spedizione con SLA garantito?,Commerciale,media
tluw8uu5,Stato prenotazione piattaforma integrata,Serve un tracking della fornitura la configurazione enterprise.,Commerciale,media
1jneomoj,Disponibilità articolo piattaforma integrata,Avremmo necessità di modalità SaaS per un progetto imminente. È in stock?,Commerciale,bassa
7o5ujy5g,Disponibilità articolo manutenzione estesa,Potete verificare l'inventario di per il Q2 2024?,Commerciale,bassa
tj3g0rhf,Richiesta rimborso per anno contabile,Necessito dello storno del servizio premium per non conformità della prestazione.,Amministrazione,media
2bfu20we,Pagamento rinnovo servizi in sospeso,Vorrei sapere a che punto è il trasferimento fondi per il pagamento ricorrente.,Amministrazione,alta
nlkv5si9,Modifica necessità pacchetto standard,Avrei bisogno di modificare l'ordine soluzione chiavi in mano prima della spedizione.,Commerciale,media
ubq50pzo,Interruzione servizio workflow,Da stamattina durante il processo notturno si blocca continuamente e non riesco più a lavorare.,Tecnico,alta
g9l0elvd,Stato ordine toolkit sviluppo,Dove si trova attualmente la spedizione per bundle completo? La data di consegna prevista è passata.,Commerciale,bassa
1eacwni2,Sollecito per servizio cloud,La scadenza di contratto n. 12345 è passata da alcune settimane. Quando prevede di effettuare il pagamento?,Amministrazione,alta
bxs3k97p,Richiesta rimborso per fornitura materiali,Necessito dello storno della posizione cliente CLI-789 per non conformità della prestazione.,Commerciale,media
rcw9xjva,disfunzione nel modulo stampa documenti,Ho riscontrato un comportamento irregolare in in modalità avanzata che causa perdita di dati.,Tecnico,alta
m3y5estf,Richiesta bollettino per prestazione professionale,Avremmo bisogno della fattura relativa a l'abbonamento trimestrale per completare la contabilità.,Amministrazione,alta
k654m797,Richiesta preventivo per modulo CRM,Avrei bisogno di un'offerta per la configurazione enterprise comprensiva di costi e tempi di implementazione.,Commerciale,media
6tta7tal,Stato richiesta soluzione cloud,A che punto è l'evasione dell'ordine deployment on-premise?,Commerciale,media
17olxraw,Accesso negato a import massivo,Il sistema mi impedisce di entrare in in modalità avanzata dicendo che non ho i permessi.,Tecnico,alta
e06ollap,Richiesta nota di credito per servizio cloud,Potete controllare se la fattura l'accordo commerciale è stata emessa?,Amministrazione,media
9ibvbgmf,bug nel modulo workflow,In dal client desktop si verifica un'interruzione quando inserisco determinati valori.,Tecnico,alta
e8z5bfr9,Documentazione contabile consulenza,Vorrei ottenere la reportistica di l'ordine ORD-2024-001 per verifica interna.,Amministrazione,bassa
0u0ncgzl,Verifica importo rendiconto rinnovo servizi,L'IVA calcolata su l'accordo commerciale non sembra corrispondere all'aliquota pattuita.,Amministrazione,media
e6qequjj,Stato domanda soluzione cloud,Potete fornirmi informazioni sulla spedizione con contratto annuale?,Commerciale,media
qs92dtys,Sincronizzazione elaborazione batch,Il sistema non aggiorna automaticamente sulla dashboard principale e devo fare refresh manuale.,Tecnico,media
q4m62s1q,Modifica necessità sistema ERP,Vorremmo revisionare le quantità di modalità SaaS.,Commerciale,alta
fx4z634t,Sincronizzazione sincronizzazione,Il sistema non aggiorna automaticamente in ambiente produzione e devo fare refresh manuale.,Tecnico,media
bc31199z,Disponibilità articolo pacchetto base,L'articolo implementazione completa risulta esaurito. Quando rientrerà in magazzino?,Commerciale,bassa
m8d9u2gr,Verifica importo fattura canone mensile,L'importo indicato su l'importo convenuto è differente rispetto all'offerta concordata. Potete controllare?,Amministrazione,bassa
f6jne34h,Sincronizzazione gestione utenti,I dati in tramite l'interfaccia web non sono allineati con le altre sezioni del sistema.,Tecnico,media
tcrap6z2,Tempi di consegna per manutenzione estesa,Entro quando potremmo ricevere deployment on-premise se ordinassimo oggi?,Commerciale,bassa
c9ueqqw3,Anomalia nel modulo report,Ho riscontrato un comportamento irregolare in dalla versione 2. 3 che causa perdita di dati.,Tecnico,alta
9uacyjl2,Richiesta rendiconto per licenza software,Mi serve urgentemente il documento fiscale della posizione cliente CLI-789 per la chiusura.,Amministrazione,media
gm369z85,Disponibilità articolo modulo CRM,Serve conferma della pronta consegna per per sede Milano.,Commerciale,bassa
4vfdx3qh,Richiesta preventivo per piattaforma integrata,Potete inviarmi una quotazione per 10 utenti? Stiamo valutando diverse opzioni.,Commerciale,alta
m6zka2lc,Stato ordine toolkit sviluppo,Non ho ricevuto aggiornamenti su implementazione completa. Quando è prevista la consegna?,Commerciale,media
8hdtj1k1,Disponibilità articolo software gestionale,L'articolo con contratto annuale risulta esaurito. Quando rientrerà in magazzino?,Commerciale,bassa
8wjvoq2j,funzionamento irregolare nel modulo login,Si manifesta un bug critico quando opero con codice 500.,Tecnico,alta
p1xi76wk,Verifica importo fattura quota associativa,C'è uno scostamento tra l'importo di gennaio 2024 e quanto preventivato inizialmente.,Amministrazione,media
g8nk0v36,Verifica estratto conto contratto di manutenzione,Potete chiarire alcune voci presenti nell'estratto il servizio premium?,Amministrazione,bassa
1duw7dvb,Pagamento Q1 2024 in sospeso,Ho completato l'operazione di pagamento l'abbonamento trimestrale ma non vedo aggiornamenti.,Amministrazione,alta
ewfc42ar,Richiesta preventivo per soluzione cloud,Potete elaborare un'offerta su misura per il cliente aziendale?,Commerciale,media
2a4udjfn,Richiesta preventivo per piano premium,Potete elaborare un'offerta su misura per modalità SaaS?,Commerciale,media
pywfi6to,Sincronizzazione dashboard,Il sistema non aggiorna automaticamente tramite l'interfaccia web e devo fare refresh manuale.,Tecnico,media
8ey0wqrb,Verifica estratto conto rinnovo servizi,Ho notato un doppio addebito per l'ordine ORD-2024-001 nell'ultimo estratto conto.,Amministrazione,media
xt76qm72,Documentazione contabile canone mensile,Potete fornire la documentazione amministrativa della fattura n. 567?,Amministrazione,bassa
1csufhjh,malfunzionamento nel modulo elaborazione batch,La funzionalità durante il processo notturno genera risultati incoerenti ad ogni esecuzione.,Tecnico,alta
vyo39697,Interruzione servizio sincronizzazione,L'utilizzo di nel servizio schedulato causa l'arresto dell'intera applicazione senza salvare.,Tecnico,alta
gp6gr484,Richiesta preventivo per software gestionale,Ci interessa conoscere i termini per l'acquisto di 10 utenti.,Commerciale,media
5aetq19k,Pagamento abbonamento annuale in sospeso,Il pagamento di l'ordine ORD-2024-001 risulta ancora in elaborazione da diversi giorni. Potete verificare lo stato?,Amministrazione,media
cxk8yu1x,Pagamento abbonamento annuale in sospeso,"La transazione per la conteggio n. 567 sembra bloccata, potete verificare?",Amministrazione,alta
ou9mk9p7,Richiesta preventivo per licenze enterprise,Potete inviarmi una quotazione per soluzione chiavi in mano? Stiamo valutando diverse opzioni.,Commerciale,media
7tsm9r0t,Anomalia nel modulo stampa documenti,In in orario di punta si verifica un'interruzione quando inserisco determinati valori.,Tecnico,alta
jypu4ow2,Anomalia nel modulo dashboard,Rilevo anomalie persistenti nell'elaborazione di dopo l'ultimo aggiornamento.,Tecnico,media
4o0kfowm,Tempi di consegna per consulenza strategica,Entro quando potremmo ricevere soluzione chiavi in mano se ordinassimo oggi?,Commerciale,media
lyrfi337,Interruzione servizio backup,L'utilizzo di durante il processo notturno causa l'arresto dell'intera applicazione senza salvare.,Tecnico,alta
uo4bjd13,Modifica ordine pacchetto standard,Vorremmo revisionare le quantità di soluzione chiavi in mano.,Commerciale,alta
8n5idm7o,funzionamento irregolare nel modulo backup,C'è un difetto evidente nel comportamento di dopo l'ultimo aggiornamento.,Tecnico,media
6miwa7g1,Sollecito per quota associativa,La scadenza della posizione cliente CLI-789 è passata da alcune settimane. Quando prevede di effettuare il pagamento?,Amministrazione,alta
760g2vs8,comportamento inatteso nel modulo elaborazione batch,Ho riscontrato un comportamento irregolare in durante il processo notturno che causa perdita di dati.,Tecnico,alta
bo5876p9,Richiesta nota di credito per trimestre chiuso,Mi serve urgentemente il documento fiscale della fornitura di dicembre per la chiusura.,Amministrazione,media
wr95fi64,Tempi di consegna per servizi professionali,C'è possibilità di recapito immediato per con formazione inclusa?,Commerciale,media
l78b6qc5,Pagamento mese corrente in sospeso,Il bonifico relativo a l'abbonamento trimestrale non è stato ancora accreditato. C'è qualche problema?,Amministrazione,media
6ka8b5to,Funzionalità notifiche non operativa,La feature con credenziali corrette è presente ma completamente non funzionante.,Tecnico,media
7ayb8im6,Richiesta preventivo per soluzione cloud,Necessitiamo di un listino aggiornato per incluso supporto H24.,Commerciale,alta
8sfm61qd,Pagamento consulenza in sospeso,Il bonifico relativo alla transazione del 15/10 non è stato ancora accreditato. C'è qualche problema?,Amministrazione,media
ywaw6f0u,Sollecito per prestazione professionale,Vorremmo chiudere la pendenza del pagamento ricorrente al più presto.,Amministrazione,alta
qxa9325m,Richiesta preventivo per licenze enterprise,Avrei bisogno di un'offerta per per reparto vendite comprensiva di costi e tempi di implementazione.,Commerciale,media
txpr6pc8,Stato fabbisogno consulenza strategica,Dove si trova attualmente la spedizione per con formazione inclusa? La data di consegna prevista è passata.,Commerciale,bassa
74fup481,Tempi di consegna per pacchetto standard,Quali sono i tempi di consegna previsti per incluso supporto H24? Abbiamo una scadenza ravvicinata.,Commerciale,media
srx6usnp,Tempi di consegna per software gestionale,C'è possibilità di recapito immediato per il cliente aziendale?,Commerciale,media
h3wwkjeo,Performance ridotte su backup,"Quando accedo a con credenziali corrette, il sistema diventa molto lento e risponde con ritardo.",Tecnico,media
4aq3nu9q,Accesso negato a stampa documenti,La mia sessione su con file superiori a 10MB viene terminata automaticamente dopo pochi secondi.,Tecnico,bassa
8bshbe9p,Verifica estratto conto licenza software,Il prospetto di gennaio 2024 mostra addebiti che non tornano.,Amministrazione,alta
esxwxu4t,Funzionalità sincronizzazione non operativa,La feature attraverso API REST è presente ma completamente non funzionante.,Tecnico,media
bjsf6f26,Accesso negato a integrazione API,Ricevo un messaggio di accesso negato ogni volta che provo sul modulo reporting.,Tecnico,media
6k5kh95l,Disponibilità articolo piattaforma integrata,Siamo interessati a ordinare per sede Milano ma sul sito risulta non disponibile.,Commerciale,bassa
4k2e75pj,Richiesta fattura per consulenza,Mi serve urgentemente il documento fiscale del canone di febbraio per la chiusura.,Amministrazione,media
8pyr8m6q,Sollecito per quota associativa,La scadenza del pagamento ricorrente è passata da alcune settimane. Quando prevede di effettuare il pagamento?,Amministrazione,alta
c5eq4t7f,Verifica estratto conto licenza software,Il prospetto della posizione cliente CLI-789 mostra addebiti che non tornano.,Amministrazione,media
uts5y7mj,Documentazione contabile fornitura materiali,Potete inviarmi un riepilogo dettagliato delle transazioni per il servizio di supporto?,Commerciale,bassa
91e9l3mn,criticità nel modulo integrazione API,Ho riscontrato un comportamento irregolare in attraverso API REST che causa perdita di dati.,Tecnico,alta
cr84leb5,Sincronizzazione report,Le informazioni di attraverso API REST risultano obsolete rispetto al sistema centrale.,Tecnico,media
kag0ttyo,Modifica commessa supporto tecnico,È necessario rettificare alcune voci in per reparto vendite.,Commerciale,bassa
1dof9c6p,Sollecito per rinnovo servizi,Il termine per la transazione del 15/10 è decorso senza che ricevessimo il pagamento.,Amministrazione,alta
d6gjdwdu,Richiesta fattura per abbonamento annuale,La fattura per la transazione del 15/10 non è disponibile nel nostro sistema. Sarebbe possibile riceverla?,Amministrazione,media
tlsn7ne4,Verifica importo fattura mese corrente,Abbiamo notato che gennaio 2024 riporta cifre diverse da quelle concordate contrattualmente.,Amministrazione,bassa
badbj371,Modifica richiesta piattaforma integrata,Avrei bisogno di modificare l'ordine per il Q2 2024 prima della spedizione.,Commerciale,alta
pzwitx87,Interruzione servizio dashboard,Ogni tentativo di operare su sul modulo reporting provoca il blocco del sistema.,Tecnico,alta
mf2w95lh,Accesso negato a integrazione API,Non ho più i privilegi necessari per operare su sul modulo reporting.,Tecnico,alta
vqxa2vmo,Stato ordine pacchetto standard,Vorrei un riscontro sullo stato di avanzamento di implementazione completa.,Commerciale,media
6cu21szy,Tempi di consegna per modulo CRM,Potete garantire la consegna urgente di per sede Milano?,Commerciale,media
rp4vkaih,Pagamento canone mensile in sospeso,Il pagamento della rata semestrale risulta ancora in elaborazione da diversi giorni. Potete verificare lo stato?,Amministrazione,media
jfcer1ta,Documentazione contabile mese corrente,Vorrei ottenere la reportistica della posizione cliente CLI-789 per verifica interna.,Amministrazione,bassa
b0upbs6h,Sollecito per servizio cloud,La posizione la rendiconto n. 567 è ancora aperta nonostante i termini concordati siano scaduti.,Amministrazione,alta
clm6vp21,Disponibilità articolo supporto tecnico,Potete comunicarmi la disponibilità attuale di con contratto annuale?,Commerciale,bassa
tsj5v6in,Documentazione contabile abbonamento annuale,Vorrei ottenere la reportistica del compenso consulenza per verifica interna.,Amministrazione,bassa
tk3czo91,Richiesta rimborso per periodo fiscale,Serve un conguaglio per il servizio di supporto dato il disservizio riscontrato.,Amministrazione,media
56v6wd7z,Modifica ordine software gestionale,L'ordine soluzione chiavi in mano contiene un errore nelle specifiche. Come possiamo correggerlo?,Tecnico,alta
r59jzfq8,Comportamento anomalo durante integrazione API,"Quando provo a in orario di punta, il sistema non completa l'operazione come dovrebbe.",Tecnico,media
xgkkv173,Modifica ordine soluzione cloud,Avrei bisogno di modificare l'ordine incluso supporto H24 prima della spedizione.,Commerciale,alta
2ujelcw5,Stato ordine toolkit sviluppo,A che punto è l'evasione dell'ordine 50 licenze?,Commerciale,bassa
s3v2sept,Interruzione servizio elaborazione batch,L'applicazione termina inaspettatamente durante nel servizio schedulato.,Tecnico,alta
0841r4ok,Modifica interesse pacchetto base,Avrei bisogno di modificare l'ordine 50 licenze prima della spedizione.,Commerciale,media
0zpavs2d,Interruzione servizio integrazione API,Da stamattina nel servizio schedulato si blocca continuamente e non riesco più a lavorare.,Tecnico,media
pjwoq598,Anomalia nel modulo export dati,In tramite l'interfaccia web si verifica un'interruzione quando inserisco determinati valori.,Tecnico,alta
sv80w2m9,Modifica requisizione pacchetto base,L'ordine con formazione inclusa contiene un errore nelle specifiche. Come possiamo correggerlo?,Commerciale,alta
i71d332x,Richiesta rimborso per mese corrente,Necessito dello storno di l'accordo commerciale per non conformità della prestazione.,Amministrazione,media
i0e3z5kf,Richiesta fattura per prestazione professionale,Non trovo traccia della ricevuta per l'ordine ORD-2024-001 nel sistema contabile.,Amministrazione,media
u87gihkv,Verifica importo fattura Q1 2024,Il totale della posizione cliente CLI-789 presenta una variazione rispetto all'importo comunicato in precedenza.,Amministrazione,media
1flx3kjz,Accesso negato a export dati,Ricevo un messaggio di accesso negato ogni volta che provo dal client desktop.,Tecnico,alta
7hg137cn,Documentazione contabile quota associativa,Per la revisione contabile ci serve l'archivio completo del pagamento ricorrente.,Amministrazione,bassa
x4m1yumv,malfunzionamento nel modulo backup,Il modulo codice 500 produce output non deterministici.,Tecnico,alta
mw2jg6da,Disponibilità articolo toolkit sviluppo,Siamo interessati a ordinare con SLA garantito ma sul sito risulta non disponibile.,Commerciale,bassa
h7878epi,Verifica importo fattura canone mensile,Abbiamo notato che l'accordo commerciale riporta cifre diverse da quelle concordate contrattualmente.,Amministrazione,media
fcg7drt8,Verifica estratto conto licenza software,Riscontro operazioni non riconosciute nel riepilogo della transazione del 15/10.,Amministrazione,media
0weccf3d,Disponibilità articolo supporto tecnico,Serve conferma della pronta consegna per 50 licenze.,Commerciale,bassa
g4rt8ti4,Tempi di consegna per manutenzione estesa,Quale sarebbe il termine di fornitura per deployment on-premise?,Commerciale,media
v602as0k,disfunzione nel modulo integrazione API,Ho riscontrato un comportamento irregolare in codice 500 che causa perdita di dati.,Tecnico,alta
jxm4s7ie,Richiesta preventivo per software gestionale,Potete inviarmi una quotazione per il cliente aziendale? Stiamo valutando diverse opzioni.,Commerciale,alta
4sm79y8c,Verifica importo documento canone mensile,Sulla fattura il compenso consulenza c'è una differenza di circa 200€ rispetto al preventivo.,Amministrazione,media
65gyq97z,Interruzione servizio archiviazione,L'applicazione si arresta improvvisamente quando utilizzo dopo l'ultimo aggiornamento.,Tecnico,bassa
8ecnqit2,Richiesta parcella per consulenza,Mi serve urgentemente il documento fiscale di l'importo convenuto per la chiusura.,Amministrazione,media
d5nwyf81,Interruzione servizio backup,Il modulo sulla dashboard principale causa il freeze dell'intera interfaccia.,Tecnico,alta
5268wldv,Stato necessità manutenzione estesa,Dove si trova attualmente la spedizione per bundle completo? La data di consegna prevista è passata.,Commerciale,media
jd6qhr8r,Richiesta rimborso per fornitura materiali,Necessito dello storno del servizio di supporto per non conformità della prestazione.,Commerciale,media
01x9wgci,Pagamento Q1 2024 in sospeso,L'importo per l'abbonamento trimestrale è stato addebitato ma non risulta a sistema. Serve un controllo.,Amministrazione,alta
ktsds24w,Funzionalità integrazione API non operativa,La feature codice 500 è presente ma completamente non funzionante.,Tecnico,media
3ind7vf7,Stato ordine software gestionale,La commessa con contratto annuale risulta ancora in elaborazione dopo due settimane.,Commerciale,media
ag8590q6,Accesso negato a import massivo,Dopo l'ultimo aggiornamento non posso più accedere a sulla dashboard principale.,Tecnico,alta
9racxjfk,Modifica ordine consulenza strategica,Vorremmo aggiungere alcuni articoli all'ordine il cliente aziendale già effettuato.,Commerciale,alta
q3pnwzx2,Pagamento contratto di manutenzione in sospeso,"Il saldo contratto n. 12345 dovrebbe già essere stato processato, ma non risulta.",Amministrazione,media
68wd3ei2,Comportamento anomalo durante elaborazione batch,Il sistema mostra un comportamento inatteso quando tento di eseguire dal client desktop.,Tecnico,alta
vnh1wr0e,Pagamento prestazione professionale in sospeso,Il versamento relativo alla transazione del 15/10 non appare nell'estratto conto. È andato a buon fine?,Amministrazione,alta
83prspsn,Documentazione contabile quota associativa,Serve l'estratto di tutte le operazioni il servizio di supporto per audit.,Amministrazione,bassa
wu6x9x3n,Anomalia nel modulo backup,Rilevo anomalie persistenti nell'elaborazione di da ieri sera.,Tecnico,alta
kgjpyp83,Sincronizzazione integrazione API,I dati in durante il processo notturno non sono allineati con le altre sezioni del sistema.,Tecnico,media
3tzefgn7,bug nel modulo sincronizzazione,L'applicazione mostra errori sistematici in dopo l'ultimo aggiornamento.,Tecnico,alta
6wvoqajk,Richiesta preventivo per supporto tecnico,Chiedo gentilmente una proposta commerciale per con formazione inclusa da presentare alla direzione.,Commerciale,media
4mvn9kea,Sollecito per Q1 2024,La scadenza della fornitura di dicembre è passata da alcune settimane. Quando prevede di effettuare il pagamento?,Amministrazione,alta
oz8b58rw,Disponibilità articolo consulenza strategica,Potete verificare l'inventario di modalità SaaS?,Commerciale,bassa
142hflwq,Pagamento servizio cloud in sospeso,Vorrei sapere a che punto è il trasferimento fondi per il contratto quadro.,Amministrazione,media
0rzfqk77,Tempi di consegna per pacchetto standard,Abbiamo necessità di 10 utenti per il giorno X. È fattibile?,Commerciale,media
bebg5bme,Stato fabbisogno soluzione cloud,Vorrei un riscontro sullo stato di avanzamento di bundle completo.,Commerciale,media
7ewvo9wg,Richiesta rimborso per consulenza,Vorremmo procedere con l'annullamento e rimborso della rata semestrale.,Amministrazione,media
xfzn3sy9,Richiesta preventivo per supporto tecnico,Serve una valutazione economica per per reparto vendite.,Commerciale,media
k41xijv4,Anomalia nel modulo dashboard,La funzionalità con utenti multipli genera risultati incoerenti ad ogni esecuzione.,Tecnico,alta
i3hnjwl0,Stato necessità toolkit sviluppo,Potete fornirmi informazioni sulla spedizione modalità SaaS?,Commerciale,bassa
ukp1es6g,Verifica estratto conto prestazione professionale,Il rendiconto contratto n. 12345 presenta alcuni movimenti che necessitano di chiarimento.,Amministrazione,media
el9b070z,Disponibilità articolo modulo CRM,Vorrei sapere quando sarà disponibile bundle completo. Abbiamo una scadenza da rispettare.,Commerciale,media
t38k6u8z,comportamento inatteso nel modulo integrazione API,La funzionalità in orario di punta genera risultati incoerenti ad ogni esecuzione.,Tecnico,alta
f5w9tdsh,Richiesta rimborso per quota associativa,Vorrei richiedere il rimborso per contratto n. 12345 in quanto il servizio non è stato fornito come concordato.,Amministrazione,media
zlhb1084,Documentazione contabile consulenza,Vorrei ottenere la reportistica della transazione del 15/10 per verifica interna.,Amministrazione,bassa
6pnvu3jy,Accesso negato a backup,Ottengo un errore di autorizzazione quando tento di usare da ieri sera.,Tecnico,alta
fo3wcclx,malfunzionamento nel modulo sincronizzazione,C'è un difetto evidente nel comportamento di da ieri sera.,Tecnico,alta
60rm46hv,Richiesta polizza per servizio cloud,La fattura per l'accordo commerciale non è disponibile nel nostro sistema. Sarebbe possibile riceverla?,Amministrazione,media
q5sb8v5f,Modifica fabbisogno piattaforma integrata,Serve una variazione alla commessa con contratto annuale.,Commerciale,media
688mwpbj,Accesso negato a stampa documenti,La mia sessione su con credenziali corrette viene terminata automaticamente dopo pochi secondi.,Tecnico,media
60ywkzxb,Sincronizzazione import massivo,Le informazioni di dopo l'ultimo aggiornamento risultano obsolete rispetto al sistema centrale.,Tecnico,bassa
xgpqv3lu,Verifica estratto conto quota associativa,Nell'estratto del pagamento ricorrente c'è una transazione che non ricordo di aver autorizzato.,Amministrazione,media
ktai6n0b,Interruzione servizio backup,Si verifica un arresto anomalo quando interagisco con dalla versione 2. 3.,Tecnico,alta
107me2cy,Verifica estratto conto fornitura materiali,Ho notato un doppio addebito per l'abbonamento trimestrale nell'ultimo estratto conto.,Amministrazione,media
svqgoim3,Modifica interesse licenze enterprise,Avrei bisogno di modificare l'ordine con formazione inclusa prima della spedizione.,Commerciale,media
qx657knm,Tempi di consegna per consulenza strategica,Serve conferma dei lead time per con contratto annuale.,Commerciale,media
9e2e9r6s,Stato ordine supporto tecnico,L'ordine il cliente aziendale non è ancora arrivato. Potete verificare a che punto è?,Commerciale,media
i92dhags,Accesso negato a gestione utenti,Non ho più i privilegi necessari per operare su in modalità avanzata.,Tecnico,alta
6x89g3d7,Richiesta preventivo per training on-site,Vorremmo ricevere un computo dettagliato per con contratto annuale.,Commerciale,alta
hew48518,Interruzione servizio integrazione API,Il modulo dalla versione 2. 3 causa il freeze dell'intera interfaccia.,Tecnico,alta
gzam4qpd,Accesso negato a elaborazione batch,Il sistema mi impedisce di entrare in con credenziali corrette dicendo che non ho i permessi.,Tecnico,bassa
jtb24f9o,Richiesta fattura per rinnovo servizi,La fattura per l'importo convenuto non è disponibile nel nostro sistema. Sarebbe possibile riceverla?,Amministrazione,media
sj6brs7l,Modifica commessa servizi professionali,Potete aggiornare i dettagli dell'ordine con formazione inclusa?,Commerciale,alta
kiu94013,Accesso negato a elaborazione batch,L'autenticazione su con utenti multipli fallisce anche se inserisco la password corretta.,Tecnico,alta
02dud3d3,Tempi di consegna per toolkit sviluppo,Potete garantire la consegna urgente di soluzione chiavi in mano?,Commerciale,media
7psdgxf3,Modifica ordine piattaforma integrata,Vorremmo revisionare le quantità di per sede Milano.,Commerciale,bassa
gx20ku2z,Tempi di consegna per piattaforma integrata,Vorrei sapere se per la configurazione enterprise è disponibile la consegna express e a quale costo.,Commerciale,media
4kc2s0e1,Tempi di consegna per licenze enterprise,Abbiamo necessità di con contratto annuale per il giorno X. È fattibile?,Commerciale,alta
fxp4hzk9,Accesso negato a import massivo,La mia sessione su con utenti multipli viene terminata automaticamente dopo pochi secondi.,Tecnico,bassa
2ujtn11n,Stato interesse toolkit sviluppo,La richiesta 50 licenze è stata presa in carico?,Commerciale,media
dviv2k12,Richiesta fattura per periodo fiscale,La fattura per l'accordo commerciale non è disponibile nel nostro sistema. Sarebbe possibile riceverla?,Amministrazione,media
mgs9sbip,Modifica ordine licenze enterprise,È necessario rettificare alcune voci in deployment on-premise.,Commerciale,alta
3zp7ctbu,Tempi di consegna per supporto tecnico,Quale sarebbe il termine di fornitura per per il Q2 2024?,Commerciale,media
r9g4tlqi,comportamento inatteso nel modulo report,Il componente con file superiori a 10MB si comporta in modo diverso rispetto alla documentazione.,Tecnico,alta
dc1tkk21,Richiesta preventivo per toolkit sviluppo,Vorrei ricevere un preventivo dettagliato per con SLA garantito con le relative condizioni commerciali.,Commerciale,alta
4h46rwmt,Sollecito per quota associativa,Il termine per la distinta n. 567 è decorso senza che ricevessimo il pagamento.,Amministrazione,alta
erev1y0i,Richiesta rimborso per quota associativa,Chiedo la restituzione della somma pagata per il servizio di supporto causa inadempienza.,Amministrazione,alta
j3p9pdqk,Interruzione servizio report,Si verifica un arresto anomalo quando interagisco con con file superiori a 10MB.,Tecnico,alta
f1xx45da,Pagamento consulenza in sospeso,Ho effettuato il bonifico per il compenso consulenza ma non ho ricevuto alcuna conferma.,Amministrazione,alta
6x0gu61a,Accesso negato a import massivo,Le mie credenziali per dopo l'ultimo aggiornamento non vengono più riconosciute.,Tecnico,bassa
ezjnhr2w,Stato ordine supporto tecnico,Abbiamo necessità di sapere quando arriverà per il Q2 2024 per programmare le attività.,Commerciale,media
snx2lqn9,Accesso negato a login,Ottengo un errore di autorizzazione quando tento di usare da ieri sera.,Tecnico,media
6443c8z7,Stato ordine pacchetto standard,La commessa con contratto annuale risulta ancora in elaborazione dopo due settimane.,Commerciale,media
m1043kay,Interruzione servizio elaborazione batch,L'utilizzo di dalla versione 2. 3 causa l'arresto dell'intera applicazione senza salvare.,Tecnico,alta
spovuts3,Documentazione contabile contratto di manutenzione,Per la revisione contabile ci serve l'archivio completo della fattura n. 567.,Amministrazione,bassa
776hir4u,Tempi di consegna per servizi professionali,Vorrei sapere se per incluso supporto H24 è disponibile la consegna express e a quale costo.,Commerciale,media
b2cez2nz,Pagamento prestazione professionale in sospeso,L'importo per la posizione cliente CLI-789 è stato addebitato ma non risulta a sistema. Serve un controllo.,Amministrazione,media
adbol10s,Stato ordine software gestionale,L'ordine per il Q2 2024 non è ancora arrivato. Potete verificare a che punto è?,Commerciale,media
vw02eibg,Disponibilità articolo consulenza strategica,Potete comunicarmi la disponibilità attuale di per il Q2 2024?,Commerciale,bassa
w1dnu6vk,Sincronizzazione notifiche,I dati in tramite l'interfaccia web non sono allineati con le altre sezioni del sistema.,Tecnico,media
m83j1ld1,errore di sistema nel modulo stampa documenti,In durante il processo notturno si verifica un'interruzione quando inserisco determinati valori.,Tecnico,alta
edz25uss,Verifica estratto conto servizio cloud,Il prospetto del servizio di supporto mostra addebiti che non tornano.,Amministrazione,media
zyp79rrg,Pagamento mese corrente in sospeso,L'importo per il canone di febbraio è stato addebitato ma non risulta a sistema. Serve un controllo.,Amministrazione,media
d8tls28m,Tempi di consegna per servizi professionali,Quanto tempo richiede l'evasione di modalità SaaS?,Commerciale,media
h0ku1cyz,Richiesta fattura per periodo fiscale,Non trovo traccia della ricevuta per il servizio premium nel sistema contabile.,Amministrazione,media
v94y8gq1,Verifica estratto conto fornitura materiali,Su contratto n. 12345 compare un movimento che non corrisponde a nessuna nostra operazione.,Amministrazione,media
j7i8ylzf,Verifica importo fattura consulenza,Noto una divergenza tra il totale di l'ordine ORD-2024-001 e l'offerta originale.,Amministrazione,media
vc6jcugy,Disponibilità articolo servizi professionali,Siamo interessati a ordinare il cliente aziendale ma sul sito risulta non disponibile.,Commerciale,alta
txby0qj3,Tempi di consegna per software gestionale,Entro quando potremmo ricevere per sede Milano se ordinassimo oggi?,Commerciale,media
hnn8ofes,Anomalia nel modulo archiviazione,Il componente tramite l'interfaccia web si comporta in modo diverso rispetto alla documentazione.,Tecnico,alta
ol1w6hrh,Richiesta fattura per fornitura materiali,Sto cercando la fattura di l'abbonamento trimestrale ma non la trovo negli archivi.,Commerciale,media
0k2hix4m,Tempi di consegna per sistema ERP,Quanto tempo richiede l'evasione della configurazione enterprise?,Commerciale,bassa
50pj374x,Pagamento trimestre chiuso in sospeso,Il pagamento di l'ordine ORD-2024-001 risulta ancora in elaborazione da diversi giorni. Potete verificare lo stato?,Amministrazione,media
6ibnnjsf,Stato necessità pacchetto base,La commessa soluzione chiavi in mano risulta ancora in elaborazione dopo due settimane.,Commerciale,alta
a2kf8gsw,Tempi di consegna per piattaforma integrata,Serve conferma dei lead time per la configurazione enterprise.,Commerciale,media
w41x51w5,Tempi di consegna per piattaforma integrata,Quali sono i tempi di consegna previsti per con SLA garantito? Abbiamo una scadenza ravvicinata.,Commerciale,media
rscbqh5n,Sincronizzazione archiviazione,Il sistema non aggiorna automaticamente in orario di punta e devo fare refresh manuale.,Tecnico,alta
816nt6t1,Anomalia nel modulo dashboard,C'è un difetto evidente nel comportamento di in ambiente produzione.,Tecnico,alta
0wyp6xa6,Accesso negato a backup,L'autenticazione su sulla dashboard principale fallisce anche se inserisco la password corretta.,Tecnico,alta
nn1ramh6,Stato ordine piano premium,Non ho ricevuto aggiornamenti su deployment on-premise. Quando è prevista la consegna?,Commerciale,media
zrjaoi8b,Modifica ordine supporto tecnico,È necessario rettificare alcune voci in versione professionale.,Commerciale,media
vxqy0v2e,irregolarità nel modulo notifiche,Il modulo con utenti multipli produce output non deterministici.,Tecnico,media
p2y3ne0n,Interruzione servizio upload file,Il modulo sul modulo reporting causa il freeze dell'intera interfaccia.,Tecnico,media
meo6b5ce,Richiesta preventivo per piano premium,Serve una valutazione economica per soluzione chiavi in mano.,Commerciale,media
7u9f6xk7,Documentazione contabile abbonamento annuale,Mi occorre il dossier completo per il pagamento ricorrente ai fini del bilancio.,Amministrazione,media
syd4i5qm,Interruzione servizio login,Si verifica un'interruzione ripetuta quando accedo a tramite l'interfaccia web.,Tecnico,media
pzjdo7x6,Disponibilità articolo manutenzione estesa,Serve conferma della pronta consegna per implementazione completa.,Commerciale,bassa
28f0us4k,Stato esigenza pacchetto standard,L'ordine per reparto vendite non è ancora arrivato. Potete verificare a che punto è?,Commerciale,media
p3b4qqzy,criticità nel modulo stampa documenti,Si manifesta un bug critico quando opero con sulla dashboard principale.,Tecnico,alta
dx51999t,Anomalia nel modulo dashboard,Il componente attraverso API REST si comporta in modo diverso rispetto alla documentazione.,Tecnico,media
sbhfsc6g,Richiesta preventivo per pacchetto base,Avrei bisogno di un'offerta per versione professionale comprensiva di costi e tempi di implementazione.,Commerciale,media
puqfy3eq,Richiesta preventivo per licenze enterprise,Chiedo gentilmente una proposta commerciale per con SLA garantito da presentare alla direzione.,Commerciale,media
q4viscqo,Anomalia nel modulo modulo contabilità,Il modulo attraverso API REST produce output non deterministici.,Tecnico,alta
a3ecdde9,Disponibilità articolo piano premium,Potete comunicarmi la disponibilità attuale di con contratto annuale?,Commerciale,bassa
sz5u0xp7,Interruzione servizio upload file,L'utilizzo di con utenti multipli causa l'arresto dell'intera applicazione senza salvare.,Tecnico,alta
50sk0x9m,Modifica ordine servizi professionali,È possibile cambiare la quantità richiesta per incluso supporto H24?,Commerciale,alta
3xf3p7wf,Richiesta rimborso per mese corrente,Necessito dello storno del servizio di supporto per non conformità della prestazione.,Amministrazione,media
5jba6m8m,Stato ordine licenze enterprise,L'ordine incluso supporto H24 non è ancora arrivato. Potete verificare a che punto è?,Commerciale,media
93x0z5sg,Verifica estratto conto prestazione professionale,Nell'estratto del compenso consulenza c'è una transazione che non ricordo di aver autorizzato.,Amministrazione,media
av00qmc5,Verifica estratto conto licenza software,Potete chiarire alcune voci presenti nell'estratto il pagamento ricorrente?,Amministrazione,media
ml7v0nnw,Verifica estratto conto contratto di manutenzione,Nello storico l'importo convenuto appare una transazione duplicata.,Amministrazione,media
ny97e3cw,Accesso negato a sincronizzazione,Le mie credenziali per sulla dashboard principale non vengono più riconosciute.,Tecnico,media
xiqfjwy4,Richiesta prospetto per Q1 2024,Non ho ancora ricevuto la fattura relativa alla fattura n. 567. Potreste inviarla?,Amministrazione,alta
bttr2nnd,Richiesta preventivo per supporto tecnico,Potete inviarmi una quotazione per bundle completo? Stiamo valutando diverse opzioni.,Commerciale,media
m9bvdvgi,Accesso negato a upload file,Dopo l'ultimo aggiornamento non posso più accedere a in ambiente produzione.,Tecnico,alta
3l7uhbn3,Pagamento trimestre chiuso in sospeso,Ho completato l'operazione di pagamento la rata semestrale ma non vedo aggiornamenti.,Amministrazione,alta
9gni8u7m,Pagamento canone mensile in sospeso,"Il saldo l'abbonamento trimestrale dovrebbe già essere stato processato, ma non risulta.",Amministrazione,alta
rxq987zv,Anomalia nel modulo backup,L'applicazione mostra errori sistematici in dalla versione 2. 3.,Tecnico,alta
cl6n4tvt,Accesso negato a login,La mia sessione su con credenziali corrette viene terminata automaticamente dopo pochi secondi.,Tecnico,alta
hf9jqzy5,Richiesta fattura per anno contabile,Sto cercando la fattura della fornitura di dicembre ma non la trovo negli archivi.,Commerciale,alta
jiy01c02,Richiesta rimborso per servizio premium,Serve un conguaglio per il servizio di supporto dato il disservizio riscontrato.,Amministrazione,media
h8d63hkl,Richiesta fattura per quota associativa,Vorrei ottenere copia della documentazione fiscale relativa al contratto quadro.,Amministrazione,media
3tecnjun,Verifica importo parcella servizio premium,C'è uno scostamento tra l'importo di l'ordine ORD-2024-001 e quanto preventivato inizialmente.,Amministrazione,media
g31aqo09,Verifica importo fattura abbonamento annuale,L'IVA calcolata su l'abbonamento trimestrale non sembra corrispondere all'aliquota pattuita.,Amministrazione,media
hk0k8tkc,Richiesta rimborso per periodo fiscale,Serve un conguaglio per il compenso consulenza dato il disservizio riscontrato.,Amministrazione,media
30po6tjt,Accesso negato a elaborazione batch,Il login a in ambiente produzione viene rifiutato senza apparente motivo.,Tecnico,alta
3nzipp40,Anomalia nel modulo dashboard,L'applicazione mostra errori sistematici in con credenziali corrette.,Tecnico,alta
lk5km7ia,Interruzione servizio dashboard,L'applicazione si arresta improvvisamente quando utilizzo sulla dashboard principale.,Tecnico,alta
4tcuj32k,Stato acquisto modulo CRM,La commessa con formazione inclusa risulta ancora in elaborazione dopo due settimane.,Commerciale,media
2305kdcu,Richiesta rimborso per servizio cloud,Serve un conguaglio per l'accordo commerciale dato il disservizio riscontrato.,Amministrazione,alta
49bi5shb,Modifica fabbisogno pacchetto base,L'ordine per reparto vendite contiene un errore nelle specifiche. Come possiamo correggerlo?,Commerciale,alta
4g1ejp5l,Accesso negato a import massivo,Le mie credenziali per attraverso API REST non vengono più riconosciute.,Tecnico,media
5pywj79i,Stato ordine toolkit sviluppo,A che punto è l'evasione dell'ordine soluzione chiavi in mano?,Commerciale,media
mcc3z7t3,Tempi di consegna per manutenzione estesa,È possibile accelerare la spedizione di con SLA garantito? Serve entro la prossima settimana.,Commerciale,media
8wjcn82q,Tempi di consegna per sistema ERP,Entro quando potremmo ricevere il cliente aziendale se ordinassimo oggi?,Commerciale,media
lwrro4ze,Tempi di consegna per pacchetto standard,Quali sono i tempi di consegna previsti per versione professionale? Abbiamo una scadenza ravvicinata.,Commerciale,media
l291s2vp,Pagamento canone mensile in sospeso,L'importo per la transazione del 15/10 è stato addebitato ma non risulta a sistema. Serve un controllo.,Amministrazione,alta
12ji0awn,Verifica importo rendiconto contratto di manutenzione,C'è uno scostamento tra l'importo del servizio premium e quanto preventivato inizialmente.,Amministrazione,media
s026ljmg,Richiesta rimborso per prestazione professionale,È possibile ottenere l'accredito di quanto versato per il canone di febbraio?,Amministrazione,alta
dkb7na5l,Accesso negato a dashboard,L'autenticazione su con utenti multipli fallisce anche se inserisco la password corretta.,Tecnico,alta
1nkeaoh8,Pagamento fornitura materiali in sospeso,Abbiamo inviato il pagamento per il pagamento ricorrente tre giorni fa ma non c'è ancora riscontro.,Amministrazione,alta
5na9hcgl,Richiesta fattura per trimestre chiuso,Potete controllare se la fattura contratto n. 12345 è stata emessa?,Amministrazione,media
0exyphul,Pagamento licenza software in sospeso,"Il saldo contratto n. 12345 dovrebbe già essere stato processato, ma non risulta.",Amministrazione,media
ivyh5x9i,Disponibilità articolo pacchetto base,Quando è previsto il rifornimento di incluso supporto H24?,Commerciale,alta
dcb2iv2e,Disponibilità articolo sistema ERP,Quando è previsto il rifornimento di 10 utenti?,Commerciale,bassa
dvf5akb8,Comportamento anomalo durante dashboard,"Ho notato che in ambiente produzione non funziona più come in passato, potrebbero esserci dei problemi.",Tecnico,alta
aa18v95z,Verifica estratto conto trimestre chiuso,Il prospetto della fattura n. 567 mostra addebiti che non tornano.,Amministrazione,media
8g8xmf54,Stato ordine piattaforma integrata,L'ordine bundle completo non è ancora arrivato. Potete verificare a che punto è?,Commerciale,media
ubooka4v,Documentazione contabile quota associativa,Potete inviarmi un riepilogo dettagliato delle transazioni per il compenso consulenza?,Amministrazione,bassa
mu9mmh46,Pagamento servizio cloud in sospeso,Il bonifico relativo alla transazione del 15/10 non è stato ancora accreditato. C'è qualche problema?,Amministrazione,alta
vmuy9j31,Accesso negato a integrazione API,Le mie credenziali per con utenti multipli non vengono più riconosciute.,Tecnico,bassa
0t3gmb2d,Accesso negato a backup,Il sistema mi impedisce di entrare in in ambiente produzione dicendo che non ho i permessi.,Tecnico,alta
vnpb01kh,Interruzione servizio notifiche,Il modulo nel servizio schedulato causa il freeze dell'intera interfaccia.,Tecnico,alta
90wdl0v8,Documentazione contabile Q1 2024,Vorrei ottenere la reportistica della fattura n. 567 per verifica interna.,Amministrazione,media
tz9r6n7q,Verifica estratto conto canone mensile,C'è una voce sospetta nei movimenti del canone di febbraio che vorrei verificare.,Amministrazione,alta
0vqnxua5,Richiesta rimborso per periodo fiscale,Vorrei richiedere il rimborso per la fattura n. 567 in quanto il servizio non è stato fornito come concordato.,Amministrazione,media
qqr6w6ql,Performance ridotte su archiviazione,"Quando accedo a codice 500, il sistema diventa molto lento e risponde con ritardo.",Tecnico,media
l524xxav,irregolarità nel modulo login,L'applicazione mostra errori sistematici in sul modulo reporting.,Tecnico,alta
wphzrd14,Verifica importo fattura mese corrente,Abbiamo notato che il contratto quadro riporta cifre diverse da quelle concordate contrattualmente.,Amministrazione,media
q7ks3d55,Sincronizzazione export dati,I dati in con utenti multipli non sono allineati con le altre sezioni del sistema.,Tecnico,media
m5a8rhio,Sollecito per quota associativa,La posizione la rendiconto n. 567 è ancora aperta nonostante i termini concordati siano scaduti.,Amministrazione,alta
f9b7wja2,Verifica importo bollettino canone mensile,Sulla fattura il servizio premium c'è una differenza di circa 200€ rispetto al preventivo.,Amministrazione,media
5w05c4n2,Disponibilità articolo piano premium,Potete verificare l'inventario di soluzione chiavi in mano?,Commerciale,bassa
qa9h36o8,Disponibilità articolo supporto tecnico,Siamo interessati a ordinare incluso supporto H24 ma sul sito risulta non disponibile.,Commerciale,bassa
ijtg051k,Interruzione servizio sincronizzazione,Il sistema va in stop durante l'esecuzione di attraverso API REST e devo riavviare tutto.,Tecnico,alta
1nw70i44,Richiesta rimborso per consulenza,Chiedo la restituzione della somma pagata per l'abbonamento trimestrale causa inadempienza.,Amministrazione,media
y882wmfj,Pagamento periodo fiscale in sospeso,Il versamento relativo a l'ordine ORD-2024-001 non appare nell'estratto conto. È andato a buon fine?,Amministrazione,alta
pm48rg61,Richiesta rimborso per servizio premium,Necessito dello storno di contratto n. 12345 per non conformità della prestazione.,Amministrazione,media
j7vo4rjq,Stato ordine modulo CRM,La richiesta implementazione completa è stata presa in carico?,Commerciale,media
otma8tow,Modifica esigenza servizi professionali,Potete aggiornare i dettagli dell'ordine la configurazione enterprise?,Commerciale,alta
9c66au5w,Richiesta conteggio per periodo fiscale,Manca la documentazione per il compenso consulenza. Potete fornirla in formato pdf?,Amministrazione,media
415lxso4,Richiesta rimborso per abbonamento annuale,Serve un conguaglio per contratto n. 12345 dato il disservizio riscontrato.,Amministrazione,media
3kk88t6t,Tempi di consegna per licenze enterprise,Quali sono i tempi di consegna previsti per bundle completo? Abbiamo una scadenza ravvicinata.,Commerciale,media
94tstod3,Verifica importo fattura consulenza,L'IVA calcolata su l'accordo commerciale non sembra corrispondere all'aliquota pattuita.,Amministrazione,bassa
zqpmzk23,Richiesta rimborso per periodo fiscale,Il servizio la rata semestrale non corrisponde a quanto ordinato. È possibile ottenere un rimborso?,Amministrazione,media
7o16r73j,Richiesta rimborso per quota associativa,L'addebito per la posizione cliente CLI-789 deve essere stornato poiché il servizio non è stato erogato.,Amministrazione,media
0rs043o2,Anomalia nel modulo upload file,In con credenziali corrette si verifica un'interruzione quando inserisco determinati valori.,Tecnico,alta
p92fio9f,Sollecito per consulenza,La scadenza del compenso consulenza è passata da alcune settimane. Quando prevede di effettuare il pagamento?,Amministrazione,alta
jvv4ff1m,Verifica estratto conto consulenza,Ho notato un doppio addebito per gennaio 2024 nell'ultimo estratto conto.,Amministrazione,bassa
lkf1v8mm,Verifica estratto conto licenza software,Nell'estratto della fattura n. 567 c'è una transazione che non ricordo di aver autorizzato.,Amministrazione,media
4ks8nht0,Verifica importo fattura quota associativa,L'IVA calcolata sul compenso consulenza non sembra corrispondere all'aliquota pattuita.,Amministrazione,media
xsf32inc,Tempi di consegna per servizi professionali,Vorrei sapere se per la configurazione enterprise è disponibile la consegna express e a quale costo.,Commerciale,media
hozm05z4,Accesso negato a gestione utenti,Dopo l'ultimo aggiornamento non posso più accedere a in ambiente produzione.,Tecnico,bassa
bzfh3i16,Pagamento prestazione professionale in sospeso,Abbiamo inviato il pagamento per contratto n. 12345 tre giorni fa ma non c'è ancora riscontro.,Amministrazione,alta
fsw5k63b,Pagamento periodo fiscale in sospeso,"Il saldo la posizione cliente CLI-789 dovrebbe già essere stato processato, ma non risulta.",Amministrazione,alta
6wrblaxc,Interruzione servizio modulo contabilità,L'applicazione si arresta improvvisamente quando utilizzo in ambiente produzione.,Tecnico,alta
a0x7sxsq,criticità nel modulo upload file,Ho riscontrato un comportamento irregolare in in modalità avanzata che causa perdita di dati.,Tecnico,alta
x9o1v3sv,Verifica estratto conto mese corrente,Il prospetto della rata semestrale mostra addebiti che non tornano.,Amministrazione,alta
moon36i4,Disponibilità articolo servizi professionali,Vorrei sapere quando sarà disponibile 10 utenti. Abbiamo una scadenza da rispettare.,Commerciale,alta
lcu8nv8v,Richiesta preventivo per piattaforma integrata,Serve una valutazione economica per per sede Milano.,Commerciale,media
3203iotr,Anomalia nel modulo export dati,La funzionalità attraverso API REST genera risultati incoerenti ad ogni esecuzione.,Tecnico,alta
rkmj2g0u,Accesso negato a upload file,La mia sessione su codice 500 viene terminata automaticamente dopo pochi secondi.,Tecnico,media
v0ubw3wz,Accesso negato a integrazione API,L'autenticazione su con utenti multipli fallisce anche se inserisco la password corretta.,Tecnico,alta
ib3vj7b6,Comportamento anomalo durante stampa documenti,"Quando provo a dal client desktop, il sistema non completa l'operazione come dovrebbe.",Tecnico,alta
1dt43gxv,Accesso negato a archiviazione,La mia sessione su in orario di punta viene terminata automaticamente dopo pochi secondi.,Tecnico,alta
ll8p2os2,Tempi di consegna per pacchetto base,Entro quando potremmo ricevere con formazione inclusa se ordinassimo oggi?,Commerciale,media
qal8e6a6,Interruzione servizio elaborazione batch,Il sistema va in stop durante l'esecuzione di dal client desktop e devo riavviare tutto.,Tecnico,alta
klciv3pe,Verifica importo fattura anno contabile,C'è uno scostamento tra l'importo di contratto n. 12345 e quanto preventivato inizialmente.,Amministrazione,media
430er26q,Accesso negato a modulo contabilità,L'autenticazione su attraverso API REST fallisce anche se inserisco la password corretta.,Tecnico,media
g5pw5ld6,Disponibilità articolo piano premium,Siamo interessati a ordinare modalità SaaS ma sul sito risulta non disponibile.,Commerciale,bassa
xf0rfca0,Comportamento anomalo durante notifiche,Il sistema mostra un comportamento inatteso quando tento di eseguire con utenti multipli.,Tecnico,alta
40iamv0x,Anomalia nel modulo backup,C'è un difetto evidente nel comportamento di tramite l'interfaccia web.,Tecnico,alta
72arwk18,Anomalia nel modulo upload file,"Dopo l'aggiornamento alla versione 2. 3, dopo l'ultimo aggiornamento presenta diversi malfunzionamenti.",Tecnico,alta
flomp0oe,Richiesta preventivo per toolkit sviluppo,Necessitiamo di un listino aggiornato per la configurazione enterprise.,Commerciale,media
wkcxry22,Stato prenotazione soluzione cloud,L'ordine con contratto annuale non è ancora arrivato. Potete verificare a che punto è?,Commerciale,media
1nv1i8sy,Disponibilità articolo pacchetto standard,Vorrei sapere quando sarà disponibile la configurazione enterprise. Abbiamo una scadenza da rispettare.,Commerciale,bassa
2j5aezmj,Modifica requisizione licenze enterprise,Possiamo apportare modifiche a per reparto vendite già inviato?,Commerciale,bassa
pbbg5y40,Accesso negato a login,Dopo l'ultimo aggiornamento non posso più accedere a dal client desktop.,Tecnico,alta
7vnd0dug,Anomalia nel modulo modulo contabilità,Il modulo tramite l'interfaccia web produce output non deterministici.,Tecnico,alta
6h0vz80d,Verifica estratto conto consulenza,Riscontro operazioni non riconosciute nel riepilogo della fornitura di dicembre.,Amministrazione,bassa
i3xvad3w,Interruzione servizio modulo contabilità,Da stamattina sul modulo reporting si blocca continuamente e non riesco più a lavorare.,Tecnico,alta
g5o6tw49,Pagamento quota associativa in sospeso,Il bonifico relativo a l'importo convenuto non è stato ancora accreditato. C'è qualche problema?,Amministrazione,alta
xq55c04p,Accesso negato a archiviazione,La mia sessione su durante il processo notturno viene terminata automaticamente dopo pochi secondi.,Tecnico,media
m7f9r9m2,Accesso negato a dashboard,Il login a in modalità avanzata viene rifiutato senza apparente motivo.,Tecnico,alta
qpv2jyv2,Verifica importo conteggio anno contabile,Riscontro un'incongruenza nell'ammontare di l'accordo commerciale rispetto all'accordo.,Amministrazione,bassa
5ls3tvcq,Anomalia nel modulo workflow,"Dopo l'aggiornamento alla versione 2. 3, dalla versione 2. 3 presenta diversi malfunzionamenti.",Tecnico,media
89174lap,irregolarità nel modulo import massivo,Ho riscontrato un comportamento irregolare in nel servizio schedulato che causa perdita di dati.,Tecnico,alta
fxzyg59v,Richiesta fattura per rinnovo servizi,Vorrei ottenere copia della documentazione fiscale relativa a l'abbonamento trimestrale.,Amministrazione,bassa
e6hy8zp8,Stato ordine piano premium,La commessa versione professionale risulta ancora in elaborazione dopo due settimane.,Commerciale,media
t64n3svv,Stato ordine licenze enterprise,Non ho ricevuto aggiornamenti su soluzione chiavi in mano. Quando è prevista la consegna?,Commerciale,media
i3uo4pjq,Modifica necessità manutenzione estesa,Chiedo gentilmente di modificare l'indirizzo di consegna per con SLA garantito.,Commerciale,alta
03r5pe2e,Verifica estratto conto rinnovo servizi,Nello storico il compenso consulenza appare una transazione duplicata.,Amministrazione,media
7yxu39he,Modifica domanda piattaforma integrata,Potete aggiornare i dettagli dell'ordine bundle completo?,Commerciale,alta
7e8en2yv,bug nel modulo import massivo,La funzionalità codice 500 genera risultati incoerenti ad ogni esecuzione.,Tecnico,alta
vojy5615,Interruzione servizio integrazione API,Da stamattina dalla versione 2. 3 si blocca continuamente e non riesco più a lavorare.,Tecnico,bassa
ez9crm0p,Stato requisizione supporto tecnico,Abbiamo necessità di sapere quando arriverà con contratto annuale per programmare le attività.,Commerciale,media
0nz19y68,Sincronizzazione stampa documenti,Il sistema non aggiorna automaticamente codice 500 e devo fare refresh manuale.,Tecnico,alta
k2u6v3z9,Accesso negato a sincronizzazione,L'autenticazione su dalla versione 2. 3 fallisce anche se inserisco la password corretta.,Tecnico,alta
17tooek4,Richiesta preventivo per pacchetto standard,Vorrei ricevere un preventivo dettagliato per bundle completo con le relative condizioni commerciali.,Commerciale,media
j6q0n5ft,Disponibilità articolo training on-site,L'articolo la configurazione enterprise risulta esaurito. Quando rientrerà in magazzino?,Commerciale,bassa
u4s520td,comportamento inatteso nel modulo integrazione API,In attraverso API REST si verifica un'interruzione quando inserisco determinati valori.,Tecnico,alta
yzn5fqit,Sollecito per consulenza,La scadenza di contratto n. 12345 è passata da alcune settimane. Quando prevede di effettuare il pagamento?,Amministrazione,alta
5j4yqur6,Verifica importo fattura servizio premium,Abbiamo notato che il contratto quadro riporta cifre diverse da quelle concordate contrattualmente.,Amministrazione,alta
4jl244ty,Richiesta rimborso per trimestre chiuso,È possibile ottenere l'accredito di quanto versato per l'accordo commerciale?,Amministrazione,media
gui839yh,problema tecnico nel modulo integrazione API,Si manifesta un bug critico quando opero con tramite l'interfaccia web.,Tecnico,alta
ru0na3s9,Richiesta fattura per prestazione professionale,Non ho ancora ricevuto la fattura relativa al pagamento ricorrente. Potreste inviarla?,Amministrazione,media
rnoji0rx,Richiesta fattura per canone mensile,Non ho ancora ricevuto la fattura relativa a l'accordo commerciale. Potreste inviarla?,Amministrazione,media
hx8q1i8e,criticità nel modulo export dati,C'è un difetto evidente nel comportamento di dal client desktop.,Tecnico,media
e1296jr3,Tempi di consegna per supporto tecnico,C'è possibilità di recapito immediato per versione professionale?,Commerciale,media
61l1ips0,Interruzione servizio upload file,Ogni tentativo di operare su sulla dashboard principale provoca il blocco del sistema.,Tecnico,bassa
7kghbz7t,Anomalia nel modulo workflow,Rilevo anomalie persistenti nell'elaborazione di in ambiente produzione.,Tecnico,alta
r58ho8z1,Interruzione servizio upload file,L'utilizzo di con credenziali corrette causa l'arresto dell'intera applicazione senza salvare.,Tecnico,bassa
2yqv96uc,Tempi di consegna per toolkit sviluppo,C'è possibilità di recapito immediato per la configurazione enterprise?,Commerciale,bassa
2hffa8l1,Verifica estratto conto consulenza,Riscontro operazioni non riconosciute nel riepilogo del pagamento ricorrente.,Amministrazione,media
bcv31x8s,Verifica estratto conto fornitura materiali,Riscontro operazioni non riconosciute nel riepilogo di l'abbonamento trimestrale.,Amministrazione,bassa
ksaqn15k,Interruzione servizio report,Si verifica un'interruzione ripetuta quando accedo a in orario di punta.,Tecnico,alta
5vlm1mkr,Stato commessa servizi professionali,Vorrei un riscontro sullo stato di avanzamento di con SLA garantito.,Commerciale,media
867bazz5,Disponibilità articolo toolkit sviluppo,Potete verificare l'inventario di con SLA garantito?,Commerciale,bassa
9dyzjq6v,Accesso negato a dashboard,Non ho più i privilegi necessari per operare su sul modulo reporting.,Tecnico,alta
6usn42im,Comportamento anomalo durante export dati,"Ho notato che in ambiente produzione non funziona più come in passato, potrebbero esserci dei problemi.",Tecnico,media
x2k7f29a,Modifica ordine manutenzione estesa,Chiedo gentilmente di modificare l'indirizzo di consegna per 50 licenze.,Commerciale,alta
zwt20zzs,malfunzionamento nel modulo elaborazione batch,Ho riscontrato un comportamento irregolare in dalla versione 2. 3 che causa perdita di dati.,Tecnico,alta
yxxdg3h4,Pagamento anno contabile in sospeso,"Il saldo il pagamento ricorrente dovrebbe già essere stato processato, ma non risulta.",Amministrazione,media
fe2t97hg,Verifica importo fattura licenza software,Sulla fattura la fattura n. 567 c'è una differenza di circa 200€ rispetto al preventivo.,Amministrazione,media
om2bgr7r,irregolarità nel modulo report,Rilevo anomalie persistenti nell'elaborazione di dopo l'ultimo aggiornamento.,Tecnico,media
e5i53oeu,Tempi di consegna per software gestionale,È possibile accelerare la spedizione di con contratto annuale? Serve entro la prossima settimana.,Commerciale,media
srcp6j7d,Modifica interesse training on-site,Possiamo apportare modifiche a per sede Milano già inviato?,Commerciale,media
fjl14j9j,Sollecito per rinnovo servizi,La scadenza del compenso consulenza è passata da alcune settimane. Quando prevede di effettuare il pagamento?,Amministrazione,alta
kes7eqdy,Comportamento anomalo durante archiviazione,"Quando provo a con file superiori a 10MB, il sistema non completa l'operazione come dovrebbe.",Tecnico,bassa
s32bdrr6,Tempi di consegna per servizi professionali,Abbiamo necessità di bundle completo per il giorno X. È fattibile?,Commerciale,alta
cni3f0y3,Promozioni su consulenza strategica,Vorrei sapere se per il cliente aziendale sono previste promozioni nei prossimi mesi.,Commerciale,media
58zstug9,Disponibilità articolo consulenza strategica,Potete comunicarmi la disponibilità attuale di 50 licenze?,Commerciale,bassa
tz9xomws,Anomalia nel modulo gestione utenti,C'è un difetto evidente nel comportamento di con file superiori a 10MB.,Tecnico,alta
mpxwq38v,Comportamento anomalo durante integrazione API,"Ho notato che sul modulo reporting non funziona più come in passato, potrebbero esserci dei problemi.",Tecnico,alta
z5435a42,Richiesta rimborso per trimestre chiuso,Serve un conguaglio per la rata semestrale dato il disservizio riscontrato.,Amministrazione,media
sr9ivgti,Stato acquisto licenze enterprise,La richiesta il cliente aziendale è stata presa in carico?,Commerciale,media
srisco51,Accesso negato a import massivo,Dopo l'ultimo aggiornamento non posso più accedere a in ambiente produzione.,Tecnico,alta
dakyvv9o,errore di sistema nel modulo dashboard,Ho riscontrato un comportamento irregolare in dalla versione 2. 3 che causa perdita di dati.,Tecnico,alta
nwlkcjs7,Richiesta preventivo per modulo CRM,Siamo interessati a 50 licenze e vorremmo conoscere i prezzi applicabili.,Commerciale,media
n1rbz3bl,Sollecito per fornitura materiali,La scadenza della transazione del 15/10 è passata da alcune settimane. Quando prevede di effettuare il pagamento?,Amministrazione,alta
zc891xxy,Performance ridotte su report,"Quando accedo a con file superiori a 10MB, il sistema diventa molto lento e risponde con ritardo.",Tecnico,media
9krpfesf,Verifica importo fattura servizio cloud,Vorrei capire da dove deriva la differenza nell'importo il contratto quadro.,Amministrazione,media
7rq6uxla,Accesso negato a workflow,Il login a in ambiente produzione viene rifiutato senza apparente motivo.,Tecnico,alta
u0vfmxnf,Interruzione servizio elaborazione batch,Si verifica un arresto anomalo quando interagisco con dal client desktop.,Tecnico,alta
kjh3wv83,irregolarità nel modulo sincronizzazione,Rilevo anomalie persistenti nell'elaborazione di in orario di punta.,Tecnico,media
wolehpd1,Accesso negato a dashboard,La mia sessione su dalla versione 2. 3 viene terminata automaticamente dopo pochi secondi.,Tecnico,alta
u02jmzos,Accesso negato a workflow,Ottengo un errore di autorizzazione quando tento di usare in ambiente produzione.,Tecnico,media
a6080ops,Sollecito per canone mensile,Il termine per la rata semestrale è decorso senza che ricevessimo il pagamento.,Amministrazione,alta
mb7p6skl,Verifica estratto conto mese corrente,Ho notato un doppio addebito per l'ordine ORD-2024-001 nell'ultimo estratto conto.,Amministrazione,media
63ydnk7f,Richiesta bollettino per anno contabile,Non ho ancora ricevuto la fattura relativa alla transazione del 15/10. Potreste inviarla?,Amministrazione,media
2n2ibvne,Stato ordine piano premium,La commessa 10 utenti risulta ancora in elaborazione dopo due settimane.,Commerciale,media
mfnero44,Anomalia nel modulo report,"Dopo l'aggiornamento alla versione 2. 3, con credenziali corrette presenta diversi malfunzionamenti.",Tecnico,alta
3buqlewq,Tempi di consegna per pacchetto standard,Quanto tempo richiede l'evasione di per sede Milano?,Commerciale,media
bk782c3a,Interruzione servizio elaborazione batch,Si verifica un'interruzione ripetuta quando accedo a con file superiori a 10MB.,Tecnico,alta
b45kl49d,Stato ordine modulo CRM,Serve un tracking della fornitura con contratto annuale.,Commerciale,media
yx59jt7h,Richiesta preventivo per toolkit sviluppo,Serve una valutazione economica per il cliente aziendale.,Commerciale,alta
su607lmq,bug nel modulo backup,Il componente attraverso API REST si comporta in modo diverso rispetto alla documentazione.,Tecnico,alta
6scmlgk7,Richiesta preventivo per manutenzione estesa,Vorremmo ricevere un computo dettagliato per incluso supporto H24.,Commerciale,alta
2pvz3ahr,Richiesta distinta per periodo fiscale,Manca la documentazione per l'accordo commerciale. Potete fornirla in formato pdf?,Amministrazione,alta
1b9yeu8d,Pagamento consulenza in sospeso,Il versamento relativo alla transazione del 15/10 non appare nell'estratto conto. È andato a buon fine?,Amministrazione,media
tjtypqo1,Richiesta preventivo per software gestionale,Avrei bisogno di un'offerta per con formazione inclusa comprensiva di costi e tempi di implementazione.,Commerciale,media
do159wrt,Sincronizzazione backup,Le informazioni di in modalità avanzata risultano obsolete rispetto al sistema centrale.,Tecnico,media
p9h0kwi9,Richiesta rimborso per anno contabile,Vorrei richiedere il rimborso per l'abbonamento trimestrale in quanto il servizio non è stato fornito come concordato.,Amministrazione,media
1ama5m26,Verifica estratto conto periodo fiscale,Il rendiconto l'abbonamento trimestrale presenta alcuni movimenti che necessitano di chiarimento.,Amministrazione,media
88tmrqvt,Anomalia nel modulo upload file,Il modulo dopo l'ultimo aggiornamento produce output non deterministici.,Tecnico,alta
rk7pe1ao,Interruzione servizio upload file,Il servizio sul modulo reporting va in crash ogni volta che lo utilizzo.,Tecnico,alta
a4d587uy,Disponibilità articolo toolkit sviluppo,Siamo interessati a ordinare 10 utenti ma sul sito risulta non disponibile.,Commerciale,bassa
ny09djan,Accesso negato a integrazione API,La mia sessione su in orario di punta viene terminata automaticamente dopo pochi secondi.,Tecnico,bassa
pwrg3xgo,Disponibilità articolo supporto tecnico,C'è giacenza sufficiente per deployment on-premise?,Commerciale,media
r7patzmh,Documentazione contabile canone mensile,Potete inviarmi un riepilogo dettagliato delle transazioni per il contratto quadro?,Amministrazione,bassa
24t8ceo9,funzionamento irregolare nel modulo backup,La funzionalità dalla versione 2. 3 genera risultati incoerenti ad ogni esecuzione.,Tecnico,alta
2fqs8zil,Disponibilità articolo pacchetto base,Avremmo necessità di per il Q2 2024 per un progetto imminente. È in stock?,Commerciale,media
m7wg5tre,Verifica importo fattura consulenza,Abbiamo notato che il servizio premium riporta cifre diverse da quelle concordate contrattualmente.,Amministrazione,media
wyjn6lp4,Richiesta preventivo per modulo CRM,Vorrei ricevere un preventivo dettagliato per per sede Milano con le relative condizioni commerciali.,Commerciale,media
kfp75rlp,Richiesta fattura per consulenza,Vorrei ottenere copia della documentazione fiscale relativa a contratto n. 12345.,Amministrazione,media
0vlu8do2,Interruzione servizio workflow,Il modulo con credenziali corrette causa il freeze dell'intera interfaccia.,Tecnico,alta
5s5qjped,Richiesta fattura per abbonamento annuale,Mi serve urgentemente il documento fiscale della posizione cliente CLI-789 per la chiusura.,Amministrazione,media
kdaa1v65,Anomalia nel modulo workflow,Rilevo anomalie persistenti nell'elaborazione di nel servizio schedulato.,Tecnico,alta
hlit6rbn,Informazioni su prodotto supporto tecnico,Quali sono i punti di forza del cliente aziendale?,Commerciale,alta
teo1s6ro,Accesso negato a elaborazione batch,L'autenticazione su da ieri sera fallisce anche se inserisco la password corretta.,Tecnico,media
kuyw7eou,Stato acquisto manutenzione estesa,La richiesta 10 utenti è stata presa in carico?,Commerciale,media
c9ywxs7r,Sollecito per anno contabile,Il termine per l'importo convenuto è decorso senza che ricevessimo il pagamento.,Amministrazione,media
nwt0r63l,malfunzionamento nel modulo notifiche,C'è un difetto evidente nel comportamento di sul modulo reporting.,Tecnico,media
cv06104z,Tempi di consegna per software gestionale,Quanto tempo richiede l'evasione di bundle completo?,Commerciale,media
gn4m09g6,Disponibilità articolo toolkit sviluppo,Potete comunicarmi la disponibilità attuale di con SLA garantito?,Commerciale,bassa
ju8bz9lu,Accesso negato a export dati,Ottengo un errore di autorizzazione quando tento di usare sulla dashboard principale.,Tecnico,alta
a5yc4cc1,Pagamento canone mensile in sospeso,Il versamento relativo a l'abbonamento trimestrale non appare nell'estratto conto. È andato a buon fine?,Amministrazione,alta
xqw45g86,Modifica ordine pacchetto base,Potete aggiornare i dettagli dell'ordine 10 utenti?,Commerciale,alta
9749gvxi,Sincronizzazione upload file,Il sistema non aggiorna automaticamente sulla dashboard principale e devo fare refresh manuale.,Tecnico,media
deytc298,Disponibilità articolo servizi professionali,Qual è la reperibilità immediata di con SLA garantito?,Commerciale,bassa
0mbq7fvf,Sollecito per licenza software,Il termine per la fornitura di dicembre è decorso senza che ricevessimo il pagamento.,Amministrazione,alta
7kp01yxw,Anomalia nel modulo report,La funzionalità dal client desktop genera risultati incoerenti ad ogni esecuzione.,Tecnico,alta
k4pw8g9t,Tempi di consegna per modulo CRM,Vorrei sapere se per la configurazione enterprise è disponibile la consegna express e a quale costo.,Tecnico,media
qjl0ee80,Richiesta rimborso per servizio premium,Necessito dello storno della fattura n. 567 per non conformità della prestazione.,Amministrazione,media
dnexj797,Verifica importo rendiconto Q1 2024,Sulla fattura il contratto quadro c'è una differenza di circa 200€ rispetto al preventivo.,Amministrazione,media
zin4kh3d,Verifica importo fattura licenza software,Abbiamo notato che la rata semestrale riporta cifre diverse da quelle concordate contrattualmente.,Amministrazione,media
ff6cydrh,Richiesta fattura per licenza software,Non trovo traccia della ricevuta per il contratto quadro nel sistema contabile.,Amministrazione,media
1y2qzf9q,Stato ordine piattaforma integrata,Serve un tracking della fornitura implementazione completa.,Commerciale,media
m3cxgdug,Richiesta rimborso per trimestre chiuso,Il servizio la fornitura di dicembre non corrisponde a quanto ordinato. È possibile ottenere un rimborso?,Commerciale,media
1fvoq93q,criticità nel modulo notifiche,Ho riscontrato un comportamento irregolare in codice 500 che causa perdita di dati.,Tecnico,alta
968qry5f,Pagamento consulenza in sospeso,Ho completato l'operazione di pagamento la posizione cliente CLI-789 ma non vedo aggiornamenti.,Amministrazione,alta
l2xwwsw5,Stato ordine servizi professionali,Non ho ricevuto aggiornamenti su con SLA garantito. Quando è prevista la consegna?,Commerciale,media
wa08ltjb,Richiesta preventivo per servizi professionali,Siamo interessati a per sede Milano e vorremmo conoscere i prezzi applicabili.,Commerciale,alta
75z861uc,Verifica importo prospetto quota associativa,Sulla fattura la fornitura di dicembre c'è una differenza di circa 200€ rispetto al preventivo.,Amministrazione,media
9w8r6eop,Interruzione servizio import massivo,Il sistema va in stop durante l'esecuzione di da ieri sera e devo riavviare tutto.,Tecnico,media
i56kwdum,Stato ordine modulo CRM,Serve un tracking della fornitura modalità SaaS.,Commerciale,alta
qbi6uepk,Richiesta rimborso per licenza software,Chiedo la restituzione della somma pagata per la fornitura di dicembre causa inadempienza.,Amministrazione,media
ltj8ryty,Richiesta preventivo per toolkit sviluppo,Vorrei ricevere un preventivo dettagliato per deployment on-premise con le relative condizioni commerciali.,Commerciale,alta
5geav52j,Richiesta preventivo per sistema ERP,Siamo interessati al cliente aziendale e vorremmo conoscere i prezzi applicabili.,Commerciale,alta
n4v3mvp0,Interruzione servizio notifiche,L'applicazione si arresta improvvisamente quando utilizzo con credenziali corrette.,Tecnico,alta
y5rih1oq,Accesso negato a report,Le mie credenziali per tramite l'interfaccia web non vengono più riconosciute.,Tecnico,alta
ml5m8ekh,Interruzione servizio elaborazione batch,Il servizio dalla versione 2. 3 va in crash ogni volta che lo utilizzo.,Tecnico,alta
v68eb5p4,Stato ordine supporto tecnico,A che punto è l'evasione dell'ordine modalità SaaS?,Commerciale,media
9fcez733,Disponibilità articolo training on-site,Qual è la reperibilità immediata di bundle completo?,Commerciale,bassa
xy9oluzp,Pagamento periodo fiscale in sospeso,L'importo per il servizio premium è stato addebitato ma non risulta a sistema. Serve un controllo.,Amministrazione,media
0ys7xwq2,Funzionalità gestione utenti non operativa,La feature nel servizio schedulato è presente ma completamente non funzionante.,Tecnico,media
mb8fo2z4,Verifica estratto conto anno contabile,Riscontro operazioni non riconosciute nel riepilogo della transazione del 15/10.,Amministrazione,bassa
6bh9cs1i,Pagamento quota associativa in sospeso,"Il saldo l'accordo commerciale dovrebbe già essere stato processato, ma non risulta.",Amministrazione,alta
19vyxl2d,Disponibilità articolo soluzione cloud,Quando è previsto il rifornimento del cliente aziendale?,Commerciale,media
5lix6med,problema tecnico nel modulo login,In con credenziali corrette si verifica un'interruzione quando inserisco determinati valori.,Tecnico,alta
m6zf5z8h,Tempi di consegna per consulenza strategica,Entro quando potremmo ricevere con SLA garantito se ordinassimo oggi?,Commerciale,bassa
73x0rgfh,Accesso negato a login,Il login a durante il processo notturno viene rifiutato senza apparente motivo.,Tecnico,alta
5teu503a,Anomalia nel modulo stampa documenti,Rilevo anomalie persistenti nell'elaborazione di durante il processo notturno.,Tecnico,alta
5not5hm7,Stato domanda piano premium,A che punto è l'evasione dell'ordine deployment on-premise?,Commerciale,media
wr21fzzb,Accesso negato a login,Il sistema mi impedisce di entrare in con file superiori a 10MB dicendo che non ho i permessi.,Tecnico,alta
s5owndgg,Verifica estratto conto trimestre chiuso,Nello storico il compenso consulenza appare una transazione duplicata.,Amministrazione,media
v396monk,Richiesta rimborso per quota associativa,È possibile ottenere l'accredito di quanto versato per gennaio 2024?,Amministrazione,media
x7bfnib8,Richiesta rimborso per fornitura materiali,Vorrei richiedere il rimborso per la fattura n. 567 in quanto il servizio non è stato fornito come concordato.,Commerciale,media
dg9n2jq8,Tempi di consegna per licenze enterprise,Abbiamo necessità di per sede Milano per il giorno X. È fattibile?,Commerciale,media
k4e5md4e,Disponibilità articolo modulo CRM,C'è giacenza sufficiente per 10 utenti?,Commerciale,media
1j57c2dt,Richiesta preventivo per modulo CRM,Chiedo gentilmente una proposta commerciale per soluzione chiavi in mano da presentare alla direzione.,Commerciale,bassa
645u05gj,Sincronizzazione elaborazione batch,I dati in in orario di punta non sono allineati con le altre sezioni del sistema.,Tecnico,alta
9969d065,Verifica importo fattura prestazione professionale,L'importo indicato sulla fornitura di dicembre è differente rispetto all'offerta concordata. Potete controllare?,Commerciale,media
