id,title,body,category,priority
01x9wgci,Pagamento Q1 2024 in sospeso,L'importo per l'abbonamento trimestrale è stato addebitato ma non risulta a sistema. Serve un controllo.,Amministrazione,alta
qx657knm,Tempi di consegna per consulenza strategica,Serve conferma dei lead time per con contratto annuale.,Commerciale,media
r58ho8z1,Interruzione servizio upload file,L'utilizzo di con credenziali corrette causa l'arresto dell'intera applicazione senza salvare.,Tecnico,bassa
xt76qm72,Documentazione contabile canone mensile,Potete fornire la documentazione amministrativa della fattura n. 567?,Amministrazione,bassa
5na9hcgl,Richiesta fattura per trimestre chiuso,Potete controllare se la fattura contratto n. 12345 è stata emessa?,Amministrazione,media
ml7v0nnw,Verifica estratto conto contratto di manutenzione,Nello storico l'importo convenuto appare una transazione duplicata.,Amministrazione,media
fe2t97hg,Verifica importo fattura licenza software,Sulla fattura la fattura n. 567 c'è una differenza di circa 200€ rispetto al preventivo.,Amministrazione,media
aa18v95z,Verifica estratto conto trimestre chiuso,Il prospetto della fattura n. 567 mostra addebiti che non tornano.,Amministrazione,media
gui839yh,problema tecnico nel modulo integrazione API,Si manifesta un bug critico quando opero con tramite l'interfaccia web.,Tecnico,alta
7ayb8im6,Richiesta preventivo per soluzione cloud,Necessitiamo di un listino aggiornato per incluso supporto H24.,Commerciale,alta
hk0k8tkc,Richiesta rimborso per periodo fiscale,Serve un conguaglio per il compenso consulenza dato il disservizio riscontrato.,Amministrazione,media
mcc3z7t3,Tempi di consegna per manutenzione estesa,È possibile accelerare la spedizione di con SLA garantito? Serve entro la prossima settimana.,Commerciale,media
ny97e3cw,Accesso negato a sincronizzazione,Le mie credenziali per sulla dashboard principale non vengono più riconosciute.,Tecnico,media
9w8r6eop,Interruzione servizio import massivo,Il sistema va in stop durante l'esecuzione di da ieri sera e devo riavviare tutto.,Tecnico,media
r9g4tlqi,comportamento inatteso nel modulo report,Il componente con file superiori a 10MB si comporta in modo diverso rispetto alla documentazione.,Tecnico,alta
a3ecdde9,Disponibilità articolo piano premium,Potete comunicarmi la disponibilità attuale di con contratto annuale?,Commerciale,bassa
1nw70i44,Richiesta rimborso per consulenza,Chiedo la restituzione della somma pagata per l'abbonamento trimestrale causa inadempienza.,Amministrazione,media
49bi5shb,Modifica fabbisogno pacchetto base,L'ordine per reparto vendite contiene un errore nelle specifiche. Come possiamo correggerlo?,Commerciale,alta
hlit6rbn,Informazioni su prodotto supporto tecnico,Quali sono i punti di forza del cliente aziendale?,Commerciale,alta
142hflwq,Pagamento servizio cloud in sospeso,Vorrei sapere a che punto è il trasferimento fondi per il contratto quadro.,Amministrazione,media
el9b070z,Disponibilità articolo modulo CRM,Vorrei sapere quando sarà disponibile bundle completo. Abbiamo una scadenza da rispettare.,Commerciale,media
dakyvv9o,errore di sistema nel modulo dashboard,Ho riscontrato un comportamento irregolare in dalla versione 2. 3 che causa perdita di dati.,Tecnico,alta
f9b7wja2,Verifica importo bollettino canone mensile,Sulla fattura il servizio premium c'è una differenza di circa 200€ rispetto al preventivo.,Amministrazione,media
8ey0wqrb,Verifica estratto conto rinnovo servizi,Ho notato un doppio addebito per l'ordine ORD-2024-001 nell'ultimo estratto conto.,Amministrazione,media
1csufhjh,malfunzionamento nel modulo elaborazione batch,La funzionalità durante il processo notturno genera risultati incoerenti ad ogni esecuzione.,Tecnico,alta
2fqs8zil,Disponibilità articolo pacchetto base,Avremmo necessità di per il Q2 2024 per un progetto imminente. È in stock?,Commerciale,media
9gni8u7m,Pagamento canone mensile in sospeso,"Il saldo l'abbonamento trimestrale dovrebbe già essere stato processato, ma non risulta.",Amministrazione,alta
60rm46hv,Richiesta polizza per servizio cloud,La fattura per l'accordo commerciale non è disponibile nel nostro sistema. Sarebbe possibile riceverla?,Amministrazione,media
6h0vz80d,Verifica estratto conto consulenza,Riscontro operazioni non riconosciute nel riepilogo della fornitura di dicembre.,Amministrazione,bassa
pwrg3xgo,Disponibilità articolo supporto tecnico,C'è giacenza sufficiente per deployment on-premise?,Commerciale,media
9dyzjq6v,Accesso negato a dashboard,Non ho più i privilegi necessari per operare su sul modulo reporting.,Tecnico,alta
ju8bz9lu,Accesso negato a export dati,Ottengo un errore di autorizzazione quando tento di usare sulla dashboard principale.,Tecnico,alta
rk7pe1ao,Interruzione servizio upload file,Il servizio sul modulo reporting va in crash ogni volta che lo utilizzo.,Tecnico,alta
gn4m09g6,Disponibilità articolo toolkit sviluppo,Potete comunicarmi la disponibilità attuale di con SLA garantito?,Commerciale,bassa
c9ueqqw3,Anomalia nel modulo report,Ho riscontrato un comportamento irregolare in dalla versione 2. 3 che causa perdita di dati.,Tecnico,alta
uo4bjd13,Modifica ordine pacchetto standard,Vorremmo revisionare le quantità di soluzione chiavi in mano.,Commerciale,alta
0vqnxua5,Richiesta rimborso per periodo fiscale,Vorrei richiedere il rimborso per la fattura n. 567 in quanto il servizio non è stato fornito come concordato.,Amministrazione,media
y5rih1oq,Accesso negato a report,Le mie credenziali per tramite l'interfaccia web non vengono più riconosciute.,Tecnico,alta
h0ku1cyz,Richiesta fattura per periodo fiscale,Non trovo traccia della ricevuta per il servizio premium nel sistema contabile.,Amministrazione,media
ewfc42ar,Richiesta preventivo per soluzione cloud,Potete elaborare un'offerta su misura per il cliente aziendale?,Commerciale,media
0841r4ok,Modifica interesse pacchetto base,Avrei bisogno di modificare l'ordine 50 licenze prima della spedizione.,Commerciale,media
j7vo4rjq,Stato ordine modulo CRM,La richiesta implementazione completa è stata presa in carico?,Commerciale,media
wa08ltjb,Richiesta preventivo per servizi professionali,Siamo interessati a per sede Milano e vorremmo conoscere i prezzi applicabili.,Commerciale,alta
8hdtj1k1,Disponibilità articolo software gestionale,L'articolo con contratto annuale risulta esaurito. Quando rientrerà in magazzino?,Commerciale,bassa
28f0us4k,Stato esigenza pacchetto standard,L'ordine per reparto vendite non è ancora arrivato. Potete verificare a che punto è?,Commerciale,media
5geav52j,Richiesta preventivo per sistema ERP,Siamo interessati al cliente aziendale e vorremmo conoscere i prezzi applicabili.,Commerciale,alta
ib3vj7b6,Comportamento anomalo durante stampa documenti,"Quando provo a dal client desktop, il sistema non completa l'operazione come dovrebbe.",Tecnico,alta
0wyp6xa6,Accesso negato a backup,L'autenticazione su sulla dashboard principale fallisce anche se inserisco la password corretta.,Tecnico,alta
ou9mk9p7,Richiesta preventivo per licenze enterprise,Potete inviarmi una quotazione per soluzione chiavi in mano? Stiamo valutando diverse opzioni.,Commerciale,media
nn1ramh6,Stato ordine piano premium,Non ho ricevuto aggiornamenti su deployment on-premise. Quando è prevista la consegna?,Commerciale,media
5w05c4n2,Disponibilità articolo piano premium,Potete verificare l'inventario di soluzione chiavi in mano?,Commerciale,bassa
fcg7drt8,Verifica estratto conto licenza software,Riscontro operazioni non riconosciute nel riepilogo della transazione del 15/10.,Amministrazione,media
x4m1yumv,malfunzionamento nel modulo backup,Il modulo codice 500 produce output non deterministici.,Tecnico,alta
ag8590q6,Accesso negato a import massivo,Dopo l'ultimo aggiornamento non posso più accedere a sulla dashboard principale.,Tecnico,alta
wr21fzzb,Accesso negato a login,Il sistema mi impedisce di entrare in con file superiori a 10MB dicendo che non ho i permessi.,Tecnico,alta
6ibnnjsf,Stato necessità pacchetto base,La commessa soluzione chiavi in mano risulta ancora in elaborazione dopo due settimane.,Commerciale,alta
m9bvdvgi,Accesso negato a upload file,Dopo l'ultimo aggiornamento non posso più accedere a in ambiente produzione.,Tecnico,alta
wkcxry22,Stato prenotazione soluzione cloud,L'ordine con contratto annuale non è ancora arrivato. Potete verificare a che punto è?,Commerciale,media
xq55c04p,Accesso negato a archiviazione,La mia sessione su durante il processo notturno viene terminata automaticamente dopo pochi secondi.,Tecnico,media
688mwpbj,Accesso negato a stampa documenti,La mia sessione su con credenziali corrette viene terminata automaticamente dopo pochi secondi.,Tecnico,media
xy9oluzp,Pagamento periodo fiscale in sospeso,L'importo per il servizio premium è stato addebitato ma non risulta a sistema. Serve un controllo.,Amministrazione,media
b2cez2nz,Pagamento prestazione professionale in sospeso,L'importo per la posizione cliente CLI-789 è stato addebitato ma non risulta a sistema. Serve un controllo.,Amministrazione,media
v68eb5p4,Stato ordine supporto tecnico,A che punto è l'evasione dell'ordine modalità SaaS?,Commerciale,media
esxwxu4t,Funzionalità sincronizzazione non operativa,La feature attraverso API REST è presente ma completamente non funzionante.,Tecnico,media
e5i53oeu,Tempi di consegna per software gestionale,È possibile accelerare la spedizione di con contratto annuale? Serve entro la prossima settimana.,Commerciale,media
vnh1wr0e,Pagamento prestazione professionale in sospeso,Il versamento relativo alla transazione del 15/10 non appare nell'estratto conto. È andato a buon fine?,Amministrazione,alta
rkmj2g0u,Accesso negato a upload file,La mia sessione su codice 500 viene terminata automaticamente dopo pochi secondi.,Tecnico,media
vmuy9j31,Accesso negato a integrazione API,Le mie credenziali per con utenti multipli non vengono più riconosciute.,Tecnico,bassa
2hffa8l1,Verifica estratto conto consulenza,Riscontro operazioni non riconosciute nel riepilogo del pagamento ricorrente.,Amministrazione,media
6wvoqajk,Richiesta preventivo per supporto tecnico,Chiedo gentilmente una proposta commerciale per con formazione inclusa da presentare alla direzione.,Commerciale,media
xgpqv3lu,Verifica estratto conto quota associativa,Nell'estratto del pagamento ricorrente c'è una transazione che non ricordo di aver autorizzato.,Amministrazione,media
6x89g3d7,Richiesta preventivo per training on-site,Vorremmo ricevere un computo dettagliato per con contratto annuale.,Commerciale,alta
bzfh3i16,Pagamento prestazione professionale in sospeso,Abbiamo inviato il pagamento per contratto n. 12345 tre giorni fa ma non c'è ancora riscontro.,Amministrazione,alta
ivyh5x9i,Disponibilità articolo pacchetto base,Quando è previsto il rifornimento di incluso supporto H24?,Commerciale,alta
u02jmzos,Accesso negato a workflow,Ottengo un errore di autorizzazione quando tento di usare in ambiente produzione.,Tecnico,media
6tta7tal,Stato richiesta soluzione cloud,A che punto è l'evasione dell'ordine deployment on-premise?,Commerciale,media
b0upbs6h,Sollecito per servizio cloud,La posizione la rendiconto n. 567 è ancora aperta nonostante i termini concordati siano scaduti.,Amministrazione,alta
om2bgr7r,irregolarità nel modulo report,Rilevo anomalie persistenti nell'elaborazione di dopo l'ultimo aggiornamento.,Tecnico,media
lk5km7ia,Interruzione servizio dashboard,L'applicazione si arresta improvvisamente quando utilizzo sulla dashboard principale.,Tecnico,alta
bc31199z,Disponibilità articolo pacchetto base,L'articolo implementazione completa risulta esaurito. Quando rientrerà in magazzino?,Commerciale,bassa
p2y3ne0n,Interruzione servizio upload file,Il modulo sul modulo reporting causa il freeze dell'intera interfaccia.,Tecnico,media
5lix6med,problema tecnico nel modulo login,In con credenziali corrette si verifica un'interruzione quando inserisco determinati valori.,Tecnico,alta
89174lap,irregolarità nel modulo import massivo,Ho riscontrato un comportamento irregolare in nel servizio schedulato che causa perdita di dati.,Tecnico,alta
9uacyjl2,Richiesta rendiconto per licenza software,Mi serve urgentemente il documento fiscale della posizione cliente CLI-789 per la chiusura.,Amministrazione,media
lwrro4ze,Tempi di consegna per pacchetto standard,Quali sono i tempi di consegna previsti per versione professionale? Abbiamo una scadenza ravvicinata.,Commerciale,media
3203iotr,Anomalia nel modulo export dati,La funzionalità attraverso API REST genera risultati incoerenti ad ogni esecuzione.,Tecnico,alta
svqgoim3,Modifica interesse licenze enterprise,Avrei bisogno di modificare l'ordine con formazione inclusa prima della spedizione.,Commerciale,media
txby0qj3,Tempi di consegna per software gestionale,Entro quando potremmo ricevere per sede Milano se ordinassimo oggi?,Commerciale,media
clm6vp21,Disponibilità articolo supporto tecnico,Potete comunicarmi la disponibilità attuale di con contratto annuale?,Commerciale,bassa
3ind7vf7,Stato ordine software gestionale,La commessa con contratto annuale risulta ancora in elaborazione dopo due settimane.,Commerciale,media
dc1tkk21,Richiesta preventivo per toolkit sviluppo,Vorrei ricevere un preventivo dettagliato per con SLA garantito con le relative condizioni commerciali.,Commerciale,alta
7yxu39he,Modifica domanda piattaforma integrata,Potete aggiornare i dettagli dell'ordine bundle completo?,Commerciale,alta
aagze7i8,Stato ordine soluzione cloud,A che punto è l'evasione dell'ordine con SLA garantito?,Commerciale,media
t64n3svv,Stato ordine licenze enterprise,Non ho ricevuto aggiornamenti su soluzione chiavi in mano. Quando è prevista la consegna?,Commerciale,media
q5sb8v5f,Modifica fabbisogno piattaforma integrata,Serve una variazione alla commessa con contratto annuale.,Commerciale,media
nlkv5si9,Modifica necessità pacchetto standard,Avrei bisogno di modificare l'ordine soluzione chiavi in mano prima della spedizione.,Commerciale,media
cni3f0y3,Promozioni su consulenza strategica,Vorrei sapere se per il cliente aziendale sono previste promozioni nei prossimi mesi.,Commerciale,media
xgkkv173,Modifica ordine soluzione cloud,Avrei bisogno di modificare l'ordine incluso supporto H24 prima della spedizione.,Commerciale,alta
hnn8ofes,Anomalia nel modulo archiviazione,Il componente tramite l'interfaccia web si comporta in modo diverso rispetto alla documentazione.,Tecnico,alta
58zstug9,Disponibilità articolo consulenza strategica,Potete comunicarmi la disponibilità attuale di 50 licenze?,Commerciale,bassa
e1296jr3,Tempi di consegna per supporto tecnico,C'è possibilità di recapito immediato per versione professionale?,Commerciale,media
bxs3k97p,Richiesta rimborso per fornitura materiali,Necessito dello storno della posizione cliente CLI-789 per non conformità della prestazione.,Commerciale,media
816nt6t1,Anomalia nel modulo dashboard,C'è un difetto evidente nel comportamento di in ambiente produzione.,Tecnico,alta
q7ks3d55,Sincronizzazione export dati,I dati in con utenti multipli non sono allineati con le altre sezioni del sistema.,Tecnico,media
l2xwwsw5,Stato ordine servizi professionali,Non ho ricevuto aggiornamenti su con SLA garantito. Quando è prevista la consegna?,Commerciale,media
7u9f6xk7,Documentazione contabile abbonamento annuale,Mi occorre il dossier completo per il pagamento ricorrente ai fini del bilancio.,Amministrazione,media
a6080ops,Sollecito per canone mensile,Il termine per la rata semestrale è decorso senza che ricevessimo il pagamento.,Amministrazione,alta
kgjpyp83,Sincronizzazione integrazione API,I dati in durante il processo notturno non sono allineati con le altre sezioni del sistema.,Tecnico,media
j7i8ylzf,Verifica importo fattura consulenza,Noto una divergenza tra il totale di l'ordine ORD-2024-001 e l'offerta originale.,Amministrazione,media
0mbq7fvf,Sollecito per licenza software,Il termine per la fornitura di dicembre è decorso senza che ricevessimo il pagamento.,Amministrazione,alta
56v6wd7z,Modifica ordine software gestionale,L'ordine soluzione chiavi in mano contiene un errore nelle specifiche. Come possiamo correggerlo?,Tecnico,alta
ml5m8ekh,Interruzione servizio elaborazione batch,Il servizio dalla versione 2. 3 va in crash ogni volta che lo utilizzo.,Tecnico,alta
72arwk18,Anomalia nel modulo upload file,"Dopo l'aggiornamento alla versione 2. 3, dopo l'ultimo aggiornamento presenta diversi malfunzionamenti.",Tecnico,alta
24t8ceo9,funzionamento irregolare nel modulo backup,La funzionalità dalla versione 2. 3 genera risultati incoerenti ad ogni esecuzione.,Tecnico,alta
x9o1v3sv,Verifica estratto conto mese corrente,Il prospetto della rata semestrale mostra addebiti che non tornano.,Amministrazione,alta
5teu503a,Anomalia nel modulo stampa documenti,Rilevo anomalie persistenti nell'elaborazione di durante il processo notturno.,Tecnico,alta
w1dnu6vk,Sincronizzazione notifiche,I dati in tramite l'interfaccia web non sono allineati con le altre sezioni del sistema.,Tecnico,media
0rs043o2,Anomalia nel modulo upload file,In con credenziali corrette si verifica un'interruzione quando inserisco determinati valori.,Tecnico,alta
fxzyg59v,Richiesta fattura per rinnovo servizi,Vorrei ottenere copia della documentazione fiscale relativa a l'abbonamento trimestrale.,Amministrazione,bassa
1y2qzf9q,Stato ordine piattaforma integrata,Serve un tracking della fornitura implementazione completa.,Commerciale,media
cxk8yu1x,Pagamento abbonamento annuale in sospeso,"La transazione per la conteggio n. 567 sembra bloccata, potete verificare?",Amministrazione,alta
rscbqh5n,Sincronizzazione archiviazione,Il sistema non aggiorna automaticamente in orario di punta e devo fare refresh manuale.,Tecnico,alta
e06ollap,Richiesta nota di credito per servizio cloud,Potete controllare se la fattura l'accordo commerciale è stata emessa?,Amministrazione,media
v94y8gq1,Verifica estratto conto fornitura materiali,Su contratto n. 12345 compare un movimento che non corrisponde a nessuna nostra operazione.,Amministrazione,media
gm369z85,Disponibilità articolo modulo CRM,Serve conferma della pronta consegna per per sede Milano.,Commerciale,bassa
1dt43gxv,Accesso negato a archiviazione,La mia sessione su in orario di punta viene terminata automaticamente dopo pochi secondi.,Tecnico,alta
0exyphul,Pagamento licenza software in sospeso,"Il saldo contratto n. 12345 dovrebbe già essere stato processato, ma non risulta.",Amministrazione,media
qjl0ee80,Richiesta rimborso per servizio premium,Necessito dello storno della fattura n. 567 per non conformità della prestazione.,Amministrazione,media
r59jzfq8,Comportamento anomalo durante integrazione API,"Quando provo a in orario di punta, il sistema non completa l'operazione come dovrebbe.",Tecnico,media
6miwa7g1,Sollecito per quota associativa,La scadenza della posizione cliente CLI-789 è passata da alcune settimane. Quando prevede di effettuare il pagamento?,Amministrazione,alta
7o5ujy5g,Disponibilità articolo manutenzione estesa,Potete verificare l'inventario di per il Q2 2024?,Commerciale,bassa
x2k7f29a,Modifica ordine manutenzione estesa,Chiedo gentilmente di modificare l'indirizzo di consegna per 50 licenze.,Commerciale,alta
jfcer1ta,Documentazione contabile mese corrente,Vorrei ottenere la reportistica della posizione cliente CLI-789 per verifica interna.,Amministrazione,bassa
1ama5m26,Verifica estratto conto periodo fiscale,Il rendiconto l'abbonamento trimestrale presenta alcuni movimenti che necessitano di chiarimento.,Amministrazione,media
kjh3wv83,irregolarità nel modulo sincronizzazione,Rilevo anomalie persistenti nell'elaborazione di in orario di punta.,Tecnico,media
ez9crm0p,Stato requisizione supporto tecnico,Abbiamo necessità di sapere quando arriverà con contratto annuale per programmare le attività.,Commerciale,media
rcw9xjva,disfunzione nel modulo stampa documenti,Ho riscontrato un comportamento irregolare in in modalità avanzata che causa perdita di dati.,Tecnico,alta
v0ubw3wz,Accesso negato a integrazione API,L'autenticazione su con utenti multipli fallisce anche se inserisco la password corretta.,Tecnico,alta
bk782c3a,Interruzione servizio elaborazione batch,Si verifica un'interruzione ripetuta quando accedo a con file superiori a 10MB.,Tecnico,alta
lkf1v8mm,Verifica estratto conto licenza software,Nell'estratto della fattura n. 567 c'è una transazione che non ricordo di aver autorizzato.,Amministrazione,media
jiy01c02,Richiesta rimborso per servizio premium,Serve un conguaglio per il servizio di supporto dato il disservizio riscontrato.,Amministrazione,media
tk3czo91,Richiesta rimborso per periodo fiscale,Serve un conguaglio per il servizio di supporto dato il disservizio riscontrato.,Amministrazione,media
g9l0elvd,Stato ordine toolkit sviluppo,Dove si trova attualmente la spedizione per bundle completo? La data di consegna prevista è passata.,Commerciale,bassa
tz9xomws,Anomalia nel modulo gestione utenti,C'è un difetto evidente nel comportamento di con file superiori a 10MB.,Tecnico,alta
m83j1ld1,errore di sistema nel modulo stampa documenti,In durante il processo notturno si verifica un'interruzione quando inserisco determinati valori.,Tecnico,alta
7kghbz7t,Anomalia nel modulo workflow,Rilevo anomalie persistenti nell'elaborazione di in ambiente produzione.,Tecnico,alta
gzam4qpd,Accesso negato a elaborazione batch,Il sistema mi impedisce di entrare in con credenziali corrette dicendo che non ho i permessi.,Tecnico,bassa
415lxso4,Richiesta rimborso per abbonamento annuale,Serve un conguaglio per contratto n. 12345 dato il disservizio riscontrato.,Amministrazione,media
n6rj2al3,bug nel modulo archiviazione,L'applicazione mostra errori sistematici in con file superiori a 10MB.,Tecnico,alta
rxq987zv,Anomalia nel modulo backup,L'applicazione mostra errori sistematici in dalla versione 2. 3.,Tecnico,alta
puqfy3eq,Richiesta preventivo per licenze enterprise,Chiedo gentilmente una proposta commerciale per con SLA garantito da presentare alla direzione.,Commerciale,media
4sm79y8c,Verifica importo documento canone mensile,Sulla fattura il compenso consulenza c'è una differenza di circa 200€ rispetto al preventivo.,Amministrazione,media
n1rbz3bl,Sollecito per fornitura materiali,La scadenza della transazione del 15/10 è passata da alcune settimane. Quando prevede di effettuare il pagamento?,Amministrazione,alta
n4v3mvp0,Interruzione servizio notifiche,L'applicazione si arresta improvvisamente quando utilizzo con credenziali corrette.,Tecnico,alta
2bfu20we,Pagamento rinnovo servizi in sospeso,Vorrei sapere a che punto è il trasferimento fondi per il pagamento ricorrente.,Amministrazione,alta
1duw7dvb,Pagamento Q1 2024 in sospeso,Ho completato l'operazione di pagamento l'abbonamento trimestrale ma non vedo aggiornamenti.,Amministrazione,alta
g5pw5ld6,Disponibilità articolo piano premium,Siamo interessati a ordinare modalità SaaS ma sul sito risulta non disponibile.,Commerciale,bassa
vc6jcugy,Disponibilità articolo servizi professionali,Siamo interessati a ordinare il cliente aziendale ma sul sito risulta non disponibile.,Commerciale,alta
qqr6w6ql,Performance ridotte su archiviazione,"Quando accedo a codice 500, il sistema diventa molto lento e risponde con ritardo.",Tecnico,media
8ecnqit2,Richiesta parcella per consulenza,Mi serve urgentemente il documento fiscale di l'importo convenuto per la chiusura.,Amministrazione,media
60ywkzxb,Sincronizzazione import massivo,Le informazioni di dopo l'ultimo aggiornamento risultano obsolete rispetto al sistema centrale.,Tecnico,bassa
pm48rg61,Richiesta rimborso per servizio premium,Necessito dello storno di contratto n. 12345 per non conformità della prestazione.,Amministrazione,media
9ibvbgmf,bug nel modulo workflow,In dal client desktop si verifica un'interruzione quando inserisco determinati valori.,Tecnico,alta
moon36i4,Disponibilità articolo servizi professionali,Vorrei sapere quando sarà disponibile 10 utenti. Abbiamo una scadenza da rispettare.,Commerciale,alta
968qry5f,Pagamento consulenza in sospeso,Ho completato l'operazione di pagamento la posizione cliente CLI-789 ma non vedo aggiornamenti.,Amministrazione,alta
v602as0k,disfunzione nel modulo integrazione API,Ho riscontrato un comportamento irregolare in codice 500 che causa perdita di dati.,Tecnico,alta
ksaqn15k,Interruzione servizio report,Si verifica un'interruzione ripetuta quando accedo a in orario di punta.,Tecnico,alta
4vfdx3qh,Richiesta preventivo per piattaforma integrata,Potete inviarmi una quotazione per 10 utenti? Stiamo valutando diverse opzioni.,Commerciale,alta
l524xxav,irregolarità nel modulo login,L'applicazione mostra errori sistematici in sul modulo reporting.,Tecnico,alta
2305kdcu,Richiesta rimborso per servizio cloud,Serve un conguaglio per l'accordo commerciale dato il disservizio riscontrato.,Amministrazione,alta
m3y5estf,Richiesta bollettino per prestazione professionale,Avremmo bisogno della fattura relativa a l'abbonamento trimestrale per completare la contabilità.,Amministrazione,alta
4ks8nht0,Verifica importo fattura quota associativa,L'IVA calcolata sul compenso consulenza non sembra corrispondere all'aliquota pattuita.,Amministrazione,media
ezjnhr2w,Stato ordine supporto tecnico,Abbiamo necessità di sapere quando arriverà per il Q2 2024 per programmare le attività.,Commerciale,media
mf2w95lh,Accesso negato a integrazione API,Non ho più i privilegi necessari per operare su sul modulo reporting.,Tecnico,alta
sv80w2m9,Modifica requisizione pacchetto base,L'ordine con formazione inclusa contiene un errore nelle specifiche. Come possiamo correggerlo?,Commerciale,alta
dvf5akb8,Comportamento anomalo durante dashboard,"Ho notato che in ambiente produzione non funziona più come in passato, potrebbero esserci dei problemi.",Tecnico,alta
g8nk0v36,Verifica estratto conto contratto di manutenzione,Potete chiarire alcune voci presenti nell'estratto il servizio premium?,Amministrazione,bassa
94tstod3,Verifica importo fattura consulenza,L'IVA calcolata su l'accordo commerciale non sembra corrispondere all'aliquota pattuita.,Amministrazione,bassa
hew48518,Interruzione servizio integrazione API,Il modulo dalla versione 2. 3 causa il freeze dell'intera interfaccia.,Tecnico,alta
8sfm61qd,Pagamento consulenza in sospeso,Il bonifico relativo alla transazione del 15/10 non è stato ancora accreditato. C'è qualche problema?,Amministrazione,media
k4pw8g9t,Tempi di consegna per modulo CRM,Vorrei sapere se per la configurazione enterprise è disponibile la consegna express e a quale costo.,Tecnico,media
6wrblaxc,Interruzione servizio modulo contabilità,L'applicazione si arresta improvvisamente quando utilizzo in ambiente produzione.,Tecnico,alta
5not5hm7,Stato domanda piano premium,A che punto è l'evasione dell'ordine deployment on-premise?,Commerciale,media
bttr2nnd,Richiesta preventivo per supporto tecnico,Potete inviarmi una quotazione per bundle completo? Stiamo valutando diverse opzioni.,Commerciale,media
ol1w6hrh,Richiesta fattura per fornitura materiali,Sto cercando la fattura di l'abbonamento trimestrale ma non la trovo negli archivi.,Commerciale,media
6bh9cs1i,Pagamento quota associativa in sospeso,"Il saldo l'accordo commerciale dovrebbe già essere stato processato, ma non risulta.",Amministrazione,alta
vyo39697,Interruzione servizio sincronizzazione,L'utilizzo di nel servizio schedulato causa l'arresto dell'intera applicazione senza salvare.,Tecnico,alta
wu6x9x3n,Anomalia nel modulo backup,Rilevo anomalie persistenti nell'elaborazione di da ieri sera.,Tecnico,alta
j3p9pdqk,Interruzione servizio report,Si verifica un arresto anomalo quando interagisco con con file superiori a 10MB.,Tecnico,alta
776hir4u,Tempi di consegna per servizi professionali,Vorrei sapere se per incluso supporto H24 è disponibile la consegna express e a quale costo.,Commerciale,media
3xf3p7wf,Richiesta rimborso per mese corrente,Necessito dello storno del servizio di supporto per non conformità della prestazione.,Amministrazione,media
68wd3ei2,Comportamento anomalo durante elaborazione batch,Il sistema mostra un comportamento inatteso quando tento di eseguire dal client desktop.,Tecnico,alta
erev1y0i,Richiesta rimborso per quota associativa,Chiedo la restituzione della somma pagata per il servizio di supporto causa inadempienza.,Amministrazione,alta
dg9n2jq8,Tempi di consegna per licenze enterprise,Abbiamo necessità di per sede Milano per il giorno X. È fattibile?,Commerciale,media
tz9r6n7q,Verifica estratto conto canone mensile,C'è una voce sospetta nei movimenti del canone di febbraio che vorrei verificare.,Amministrazione,alta
kag0ttyo,Modifica commessa supporto tecnico,È necessario rettificare alcune voci in per reparto vendite.,Commerciale,bassa
dcb2iv2e,Disponibilità articolo sistema ERP,Quando è previsto il rifornimento di 10 utenti?,Commerciale,bassa
4tcuj32k,Stato acquisto modulo CRM,La commessa con formazione inclusa risulta ancora in elaborazione dopo due settimane.,Commerciale,media
hf9jqzy5,Richiesta fattura per anno contabile,Sto cercando la fattura della fornitura di dicembre ma non la trovo negli archivi.,Commerciale,alta
i3xvad3w,Interruzione servizio modulo contabilità,Da stamattina sul modulo reporting si blocca continuamente e non riesco più a lavorare.,Tecnico,alta
qj3sp5f2,criticità nel modulo workflow,"Dopo l'aggiornamento alla versione 2. 3, sulla dashboard principale presenta diversi malfunzionamenti.",Tecnico,alta
6pnvu3jy,Accesso negato a backup,Ottengo un errore di autorizzazione quando tento di usare da ieri sera.,Tecnico,alta
zrjaoi8b,Modifica ordine supporto tecnico,È necessario rettificare alcune voci in versione professionale.,Commerciale,media
h7878epi,Verifica importo fattura canone mensile,Abbiamo notato che l'accordo commerciale riporta cifre diverse da quelle concordate contrattualmente.,Amministrazione,media
ktsds24w,Funzionalità integrazione API non operativa,La feature codice 500 è presente ma completamente non funzionante.,Tecnico,media
5ls3tvcq,Anomalia nel modulo workflow,"Dopo l'aggiornamento alla versione 2. 3, dalla versione 2. 3 presenta diversi malfunzionamenti.",Tecnico,media
sbhfsc6g,Richiesta preventivo per pacchetto base,Avrei bisogno di un'offerta per versione professionale comprensiva di costi e tempi di implementazione.,Commerciale,media
1nv1i8sy,Disponibilità articolo pacchetto standard,Vorrei sapere quando sarà disponibile la configurazione enterprise. Abbiamo una scadenza da rispettare.,Commerciale,bassa
oz8b58rw,Disponibilità articolo consulenza strategica,Potete verificare l'inventario di modalità SaaS?,Commerciale,bassa
3kk88t6t,Tempi di consegna per licenze enterprise,Quali sono i tempi di consegna previsti per bundle completo? Abbiamo una scadenza ravvicinata.,Commerciale,media
vw02eibg,Disponibilità articolo consulenza strategica,Potete comunicarmi la disponibilità attuale di per il Q2 2024?,Commerciale,bassa
xqw45g86,Modifica ordine pacchetto base,Potete aggiornare i dettagli dell'ordine 10 utenti?,Commerciale,alta
9racxjfk,Modifica ordine consulenza strategica,Vorremmo aggiungere alcuni articoli all'ordine il cliente aziendale già effettuato.,Commerciale,alta
su607lmq,bug nel modulo backup,Il componente attraverso API REST si comporta in modo diverso rispetto alla documentazione.,Tecnico,alta
9969d065,Verifica importo fattura prestazione professionale,L'importo indicato sulla fornitura di dicembre è differente rispetto all'offerta concordata. Potete controllare?,Commerciale,media
k4e5md4e,Disponibilità articolo modulo CRM,C'è giacenza sufficiente per 10 utenti?,Commerciale,media
fxp4hzk9,Accesso negato a import massivo,La mia sessione su con utenti multipli viene terminata automaticamente dopo pochi secondi.,Tecnico,bassa
zyp79rrg,Pagamento mese corrente in sospeso,L'importo per il canone di febbraio è stato addebitato ma non risulta a sistema. Serve un controllo.,Amministrazione,media
fx4z634t,Sincronizzazione sincronizzazione,Il sistema non aggiorna automaticamente in ambiente produzione e devo fare refresh manuale.,Tecnico,media
qs92dtys,Sincronizzazione elaborazione batch,Il sistema non aggiorna automaticamente sulla dashboard principale e devo fare refresh manuale.,Tecnico,media
ubooka4v,Documentazione contabile quota associativa,Potete inviarmi un riepilogo dettagliato delle transazioni per il compenso consulenza?,Amministrazione,bassa
9fcez733,Disponibilità articolo training on-site,Qual è la reperibilità immediata di bundle completo?,Commerciale,bassa
kfp75rlp,Richiesta fattura per consulenza,Vorrei ottenere copia della documentazione fiscale relativa a contratto n. 12345.,Amministrazione,media
dkb7na5l,Accesso negato a dashboard,L'autenticazione su con utenti multipli fallisce anche se inserisco la password corretta.,Tecnico,alta
k41xijv4,Anomalia nel modulo dashboard,La funzionalità con utenti multipli genera risultati incoerenti ad ogni esecuzione.,Tecnico,alta
9749gvxi,Sincronizzazione upload file,Il sistema non aggiorna automaticamente sulla dashboard principale e devo fare refresh manuale.,Tecnico,media
2pvz3ahr,Richiesta distinta per periodo fiscale,Manca la documentazione per l'accordo commerciale. Potete fornirla in formato pdf?,Amministrazione,alta
vojy5615,Interruzione servizio integrazione API,Da stamattina dalla versione 2. 3 si blocca continuamente e non riesco più a lavorare.,Tecnico,bassa
p78oylny,Sincronizzazione archiviazione,I dati in dalla versione 2. 3 non sono allineati con le altre sezioni del sistema.,Tecnico,media
a0x7sxsq,criticità nel modulo upload file,Ho riscontrato un comportamento irregolare in in modalità avanzata che causa perdita di dati.,Tecnico,alta
17olxraw,Accesso negato a import massivo,Il sistema mi impedisce di entrare in in modalità avanzata dicendo che non ho i permessi.,Tecnico,alta
s026ljmg,Richiesta rimborso per prestazione professionale,È possibile ottenere l'accredito di quanto versato per il canone di febbraio?,Amministrazione,alta
d6gjdwdu,Richiesta fattura per abbonamento annuale,La fattura per la transazione del 15/10 non è disponibile nel nostro sistema. Sarebbe possibile riceverla?,Amministrazione,media
ltj8ryty,Richiesta preventivo per toolkit sviluppo,Vorrei ricevere un preventivo dettagliato per deployment on-premise con le relative condizioni commerciali.,Commerciale,alta
qal8e6a6,Interruzione servizio elaborazione batch,Il sistema va in stop durante l'esecuzione di dal client desktop e devo riavviare tutto.,Tecnico,alta
m6zka2lc,Stato ordine toolkit sviluppo,Non ho ricevuto aggiornamenti su implementazione completa. Quando è prevista la consegna?,Commerciale,media
1b9yeu8d,Pagamento consulenza in sospeso,Il versamento relativo alla transazione del 15/10 non appare nell'estratto conto. È andato a buon fine?,Amministrazione,media
5jba6m8m,Stato ordine licenze enterprise,L'ordine incluso supporto H24 non è ancora arrivato. Potete verificare a che punto è?,Commerciale,media
pzwitx87,Interruzione servizio dashboard,Ogni tentativo di operare su sul modulo reporting provoca il blocco del sistema.,Tecnico,alta
4jl244ty,Richiesta rimborso per trimestre chiuso,È possibile ottenere l'accredito di quanto versato per l'accordo commerciale?,Amministrazione,media
50sk0x9m,Modifica ordine servizi professionali,È possibile cambiare la quantità richiesta per incluso supporto H24?,Commerciale,alta
yxxdg3h4,Pagamento anno contabile in sospeso,"Il saldo il pagamento ricorrente dovrebbe già essere stato processato, ma non risulta.",Amministrazione,media
g31aqo09,Verifica importo fattura abbonamento annuale,L'IVA calcolata su l'abbonamento trimestrale non sembra corrispondere all'aliquota pattuita.,Amministrazione,media
q4m62s1q,Modifica necessità sistema ERP,Vorremmo revisionare le quantità di modalità SaaS.,Commerciale,alta
qpv2jyv2,Verifica importo conteggio anno contabile,Riscontro un'incongruenza nell'ammontare di l'accordo commerciale rispetto all'accordo.,Amministrazione,bassa
c5eq4t7f,Verifica estratto conto licenza software,Il prospetto della posizione cliente CLI-789 mostra addebiti che non tornano.,Amministrazione,media
6ka8b5to,Funzionalità notifiche non operativa,La feature con credenziali corrette è presente ma completamente non funzionante.,Tecnico,media
tlsn7ne4,Verifica importo fattura mese corrente,Abbiamo notato che gennaio 2024 riporta cifre diverse da quelle concordate contrattualmente.,Amministrazione,bassa
430er26q,Accesso negato a modulo contabilità,L'autenticazione su attraverso API REST fallisce anche se inserisco la password corretta.,Tecnico,media
j6q0n5ft,Disponibilità articolo training on-site,L'articolo la configurazione enterprise risulta esaurito. Quando rientrerà in magazzino?,Commerciale,bassa
x7bfnib8,Richiesta rimborso per fornitura materiali,Vorrei richiedere il rimborso per la fattura n. 567 in quanto il servizio non è stato fornito come concordato.,Commerciale,media
107me2cy,Verifica estratto conto fornitura materiali,Ho notato un doppio addebito per l'abbonamento trimestrale nell'ultimo estratto conto.,Amministrazione,media
ll8p2os2,Tempi di consegna per pacchetto base,Entro quando potremmo ricevere con formazione inclusa se ordinassimo oggi?,Commerciale,media
yzn5fqit,Sollecito per consulenza,La scadenza di contratto n. 12345 è passata da alcune settimane. Quando prevede di effettuare il pagamento?,Amministrazione,alta
y882wmfj,Pagamento periodo fiscale in sospeso,Il versamento relativo a l'ordine ORD-2024-001 non appare nell'estratto conto. È andato a buon fine?,Amministrazione,alta
lyrfi337,Interruzione servizio backup,L'utilizzo di durante il processo notturno causa l'arresto dell'intera applicazione senza salvare.,Tecnico,alta
7tsm9r0t,Anomalia nel modulo stampa documenti,In in orario di punta si verifica un'interruzione quando inserisco determinati valori.,Tecnico,alta
5pywj79i,Stato ordine toolkit sviluppo,A che punto è l'evasione dell'ordine soluzione chiavi in mano?,Commerciale,media
gp6gr484,Richiesta preventivo per software gestionale,Ci interessa conoscere i termini per l'acquisto di 10 utenti.,Commerciale,media
03r5pe2e,Verifica estratto conto rinnovo servizi,Nello storico il compenso consulenza appare una transazione duplicata.,Amministrazione,media
8n5idm7o,funzionamento irregolare nel modulo backup,C'è un difetto evidente nel comportamento di dopo l'ultimo aggiornamento.,Tecnico,media
klciv3pe,Verifica importo fattura anno contabile,C'è uno scostamento tra l'importo di contratto n. 12345 e quanto preventivato inizialmente.,Amministrazione,media
74fup481,Tempi di consegna per pacchetto standard,Quali sono i tempi di consegna previsti per incluso supporto H24? Abbiamo una scadenza ravvicinata.,Commerciale,media
w41x51w5,Tempi di consegna per piattaforma integrata,Quali sono i tempi di consegna previsti per con SLA garantito? Abbiamo una scadenza ravvicinata.,Commerciale,media
vqxa2vmo,Stato ordine pacchetto standard,Vorrei un riscontro sullo stato di avanzamento di implementazione completa.,Commerciale,media
txpr6pc8,Stato fabbisogno consulenza strategica,Dove si trova attualmente la spedizione per con formazione inclusa? La data di consegna prevista è passata.,Commerciale,bassa
2j5aezmj,Modifica requisizione licenze enterprise,Possiamo apportare modifiche a per reparto vendite già inviato?,Commerciale,bassa
tsj5v6in,Documentazione contabile abbonamento annuale,Vorrei ottenere la reportistica del compenso consulenza per verifica interna.,Amministrazione,bassa
d5nwyf81,Interruzione servizio backup,Il modulo sulla dashboard principale causa il freeze dell'intera interfaccia.,Tecnico,alta
4g1ejp5l,Accesso negato a import massivo,Le mie credenziali per attraverso API REST non vengono più riconosciute.,Tecnico,media
jvv4ff1m,Verifica estratto conto consulenza,Ho notato un doppio addebito per gennaio 2024 nell'ultimo estratto conto.,Amministrazione,bassa
0weccf3d,Disponibilità articolo supporto tecnico,Serve conferma della pronta consegna per 50 licenze.,Commerciale,bassa
a4d587uy,Disponibilità articolo toolkit sviluppo,Siamo interessati a ordinare 10 utenti ma sul sito risulta non disponibile.,Commerciale,bassa
qa9h36o8,Disponibilità articolo supporto tecnico,Siamo interessati a ordinare incluso supporto H24 ma sul sito risulta non disponibile.,Commerciale,bassa
5vlm1mkr,Stato commessa servizi professionali,Vorrei un riscontro sullo stato di avanzamento di con SLA garantito.,Commerciale,media
1dof9c6p,Sollecito per rinnovo servizi,Il termine per la transazione del 15/10 è decorso senza che ricevessimo il pagamento.,Amministrazione,alta
4k2e75pj,Richiesta fattura per consulenza,Mi serve urgentemente il documento fiscale del canone di febbraio per la chiusura.,Amministrazione,media
02dud3d3,Tempi di consegna per toolkit sviluppo,Potete garantire la consegna urgente di soluzione chiavi in mano?,Commerciale,media
75z861uc,Verifica importo prospetto quota associativa,Sulla fattura la fornitura di dicembre c'è una differenza di circa 200€ rispetto al preventivo.,Amministrazione,media
0fpex0q2,Stato richiesta toolkit sviluppo,Potete fornirmi informazioni sulla spedizione con SLA garantito?,Commerciale,media
teo1s6ro,Accesso negato a elaborazione batch,L'autenticazione su da ieri sera fallisce anche se inserisco la password corretta.,Tecnico,media
0k2hix4m,Tempi di consegna per sistema ERP,Quanto tempo richiede l'evasione della configurazione enterprise?,Commerciale,bassa
e6qequjj,Stato domanda soluzione cloud,Potete fornirmi informazioni sulla spedizione con contratto annuale?,Commerciale,media
0vlu8do2,Interruzione servizio workflow,Il modulo con credenziali corrette causa il freeze dell'intera interfaccia.,Tecnico,alta
1eacwni2,Sollecito per servizio cloud,La scadenza di contratto n. 12345 è passata da alcune settimane. Quando prevede di effettuare il pagamento?,Amministrazione,alta
tcrap6z2,Tempi di consegna per manutenzione estesa,Entro quando potremmo ricevere deployment on-premise se ordinassimo oggi?,Commerciale,bassa
7rq6uxla,Accesso negato a workflow,Il login a in ambiente produzione viene rifiutato senza apparente motivo.,Tecnico,alta
qxa9325m,Richiesta preventivo per licenze enterprise,Avrei bisogno di un'offerta per per reparto vendite comprensiva di costi e tempi di implementazione.,Commerciale,media
jtb24f9o,Richiesta fattura per rinnovo servizi,La fattura per l'importo convenuto non è disponibile nel nostro sistema. Sarebbe possibile riceverla?,Amministrazione,media
l291s2vp,Pagamento canone mensile in sospeso,L'importo per la transazione del 15/10 è stato addebitato ma non risulta a sistema. Serve un controllo.,Amministrazione,alta
h09kzfln,Disponibilità articolo toolkit sviluppo,Siamo interessati a ordinare per sede Milano ma sul sito risulta non disponibile.,Commerciale,media
ubq50pzo,Interruzione servizio workflow,Da stamattina durante il processo notturno si blocca continuamente e non riesco più a lavorare.,Tecnico,alta
tj3g0rhf,Richiesta rimborso per anno contabile,Necessito dello storno del servizio premium per non conformità della prestazione.,Amministrazione,media
dx51999t,Anomalia nel modulo dashboard,Il componente attraverso API REST si comporta in modo diverso rispetto alla documentazione.,Tecnico,media
pzjdo7x6,Disponibilità articolo manutenzione estesa,Serve conferma della pronta consegna per implementazione completa.,Commerciale,bassa
srisco51,Accesso negato a import massivo,Dopo l'ultimo aggiornamento non posso più accedere a in ambiente produzione.,Tecnico,alta
7ewvo9wg,Richiesta rimborso per consulenza,Vorremmo procedere con l'annullamento e rimborso della rata semestrale.,Amministrazione,media
kiu94013,Accesso negato a elaborazione batch,L'autenticazione su con utenti multipli fallisce anche se inserisco la password corretta.,Tecnico,alta
deytc298,Disponibilità articolo servizi professionali,Qual è la reperibilità immediata di con SLA garantito?,Commerciale,bassa
i71d332x,Richiesta rimborso per mese corrente,Necessito dello storno di l'accordo commerciale per non conformità della prestazione.,Amministrazione,media
0zpavs2d,Interruzione servizio integrazione API,Da stamattina nel servizio schedulato si blocca continuamente e non riesco più a lavorare.,Tecnico,media
t38k6u8z,comportamento inatteso nel modulo integrazione API,La funzionalità in orario di punta genera risultati incoerenti ad ogni esecuzione.,Tecnico,alta
5aetq19k,Pagamento abbonamento annuale in sospeso,Il pagamento di l'ordine ORD-2024-001 risulta ancora in elaborazione da diversi giorni. Potete verificare lo stato?,Amministrazione,media
i56kwdum,Stato ordine modulo CRM,Serve un tracking della fornitura modalità SaaS.,Commerciale,alta
4h46rwmt,Sollecito per quota associativa,Il termine per la distinta n. 567 è decorso senza che ricevessimo il pagamento.,Amministrazione,alta
7o16r73j,Richiesta rimborso per quota associativa,L'addebito per la posizione cliente CLI-789 deve essere stornato poiché il servizio non è stato erogato.,Amministrazione,media
wr95fi64,Tempi di consegna per servizi professionali,C'è possibilità di recapito immediato per con formazione inclusa?,Commerciale,media
m1043kay,Interruzione servizio elaborazione batch,L'utilizzo di dalla versione 2. 3 causa l'arresto dell'intera applicazione senza salvare.,Tecnico,alta
7hg137cn,Documentazione contabile quota associativa,Per la revisione contabile ci serve l'archivio completo del pagamento ricorrente.,Amministrazione,bassa
pbbg5y40,Accesso negato a login,Dopo l'ultimo aggiornamento non posso più accedere a dal client desktop.,Tecnico,alta
2n2ibvne,Stato ordine piano premium,La commessa 10 utenti risulta ancora in elaborazione dopo due settimane.,Commerciale,media
i3uo4pjq,Modifica necessità manutenzione estesa,Chiedo gentilmente di modificare l'indirizzo di consegna per con SLA garantito.,Commerciale,alta
9krpfesf,Verifica importo fattura servizio cloud,Vorrei capire da dove deriva la differenza nell'importo il contratto quadro.,Amministrazione,media
zlhb1084,Documentazione contabile consulenza,Vorrei ottenere la reportistica della transazione del 15/10 per verifica interna.,Amministrazione,bassa
zc891xxy,Performance ridotte su report,"Quando accedo a con file superiori a 10MB, il sistema diventa molto lento e risponde con ritardo.",Tecnico,media
zqpmzk23,Richiesta rimborso per periodo fiscale,Il servizio la rata semestrale non corrisponde a quanto ordinato. È possibile ottenere un rimborso?,Amministrazione,media
0nz19y68,Sincronizzazione stampa documenti,Il sistema non aggiorna automaticamente codice 500 e devo fare refresh manuale.,Tecnico,alta
0ys7xwq2,Funzionalità gestione utenti non operativa,La feature nel servizio schedulato è presente ma completamente non funzionante.,Tecnico,media
8bshbe9p,Verifica estratto conto licenza software,Il prospetto di gennaio 2024 mostra addebiti che non tornano.,Amministrazione,alta
srcp6j7d,Modifica interesse training on-site,Possiamo apportare modifiche a per sede Milano già inviato?,Commerciale,media
90wdl0v8,Documentazione contabile Q1 2024,Vorrei ottenere la reportistica della fattura n. 567 per verifica interna.,Amministrazione,media
cv06104z,Tempi di consegna per software gestionale,Quanto tempo richiede l'evasione di bundle completo?,Commerciale,media
xiqfjwy4,Richiesta prospetto per Q1 2024,Non ho ancora ricevuto la fattura relativa alla fattura n. 567. Potreste inviarla?,Amministrazione,alta
douesm8r,Tempi di consegna per toolkit sviluppo,Quanto tempo richiede l'evasione di deployment on-premise?,Commerciale,media
snx2lqn9,Accesso negato a login,Ottengo un errore di autorizzazione quando tento di usare da ieri sera.,Tecnico,media
6usn42im,Comportamento anomalo durante export dati,"Ho notato che in ambiente produzione non funziona più come in passato, potrebbero esserci dei problemi.",Tecnico,media
2ujtn11n,Stato interesse toolkit sviluppo,La richiesta 50 licenze è stata presa in carico?,Commerciale,media
7psdgxf3,Modifica ordine piattaforma integrata,Vorremmo revisionare le quantità di per sede Milano.,Commerciale,bassa
3zp7ctbu,Tempi di consegna per supporto tecnico,Quale sarebbe il termine di fornitura per per il Q2 2024?,Commerciale,media
vnpb01kh,Interruzione servizio notifiche,Il modulo nel servizio schedulato causa il freeze dell'intera interfaccia.,Tecnico,alta
19vyxl2d,Disponibilità articolo soluzione cloud,Quando è previsto il rifornimento del cliente aziendale?,Commerciale,media
xsf32inc,Tempi di consegna per servizi professionali,Vorrei sapere se per la configurazione enterprise è disponibile la consegna express e a quale costo.,Commerciale,media
mfnero44,Anomalia nel modulo report,"Dopo l'aggiornamento alla versione 2. 3, con credenziali corrette presenta diversi malfunzionamenti.",Tecnico,alta
17tooek4,Richiesta preventivo per pacchetto standard,Vorrei ricevere un preventivo dettagliato per bundle completo con le relative condizioni commerciali.,Commerciale,media
zwt20zzs,malfunzionamento nel modulo elaborazione batch,Ho riscontrato un comportamento irregolare in dalla versione 2. 3 che causa perdita di dati.,Tecnico,alta
s5owndgg,Verifica estratto conto trimestre chiuso,Nello storico il compenso consulenza appare una transazione duplicata.,Amministrazione,media
ff6cydrh,Richiesta fattura per licenza software,Non trovo traccia della ricevuta per il contratto quadro nel sistema contabile.,Amministrazione,media
pywfi6to,Sincronizzazione dashboard,Il sistema non aggiorna automaticamente tramite l'interfaccia web e devo fare refresh manuale.,Tecnico,media
f5w9tdsh,Richiesta rimborso per quota associativa,Vorrei richiedere il rimborso per contratto n. 12345 in quanto il servizio non è stato fornito come concordato.,Amministrazione,media
u4s520td,comportamento inatteso nel modulo integrazione API,In attraverso API REST si verifica un'interruzione quando inserisco determinati valori.,Tecnico,alta
ny09djan,Accesso negato a integrazione API,La mia sessione su in orario di punta viene terminata automaticamente dopo pochi secondi.,Tecnico,bassa
c9ywxs7r,Sollecito per anno contabile,Il termine per l'importo convenuto è decorso senza che ricevessimo il pagamento.,Amministrazione,media
bcv31x8s,Verifica estratto conto fornitura materiali,Riscontro operazioni non riconosciute nel riepilogo di l'abbonamento trimestrale.,Amministrazione,bassa
mpxwq38v,Comportamento anomalo durante integrazione API,"Ho notato che sul modulo reporting non funziona più come in passato, potrebbero esserci dei problemi.",Tecnico,alta
m8d9u2gr,Verifica importo fattura canone mensile,L'importo indicato su l'importo convenuto è differente rispetto all'offerta concordata. Potete controllare?,Amministrazione,bassa
otma8tow,Modifica esigenza servizi professionali,Potete aggiornare i dettagli dell'ordine la configurazione enterprise?,Commerciale,alta
6443c8z7,Stato ordine pacchetto standard,La commessa con contratto annuale risulta ancora in elaborazione dopo due settimane.,Commerciale,media
760g2vs8,comportamento inatteso nel modulo elaborazione batch,Ho riscontrato un comportamento irregolare in durante il processo notturno che causa perdita di dati.,Tecnico,alta
zin4kh3d,Verifica importo fattura licenza software,Abbiamo notato che la rata semestrale riporta cifre diverse da quelle concordate contrattualmente.,Amministrazione,media
bjsf6f26,Accesso negato a integrazione API,Ricevo un messaggio di accesso negato ogni volta che provo sul modulo reporting.,Tecnico,media
dnexj797,Verifica importo rendiconto Q1 2024,Sulla fattura il contratto quadro c'è una differenza di circa 200€ rispetto al preventivo.,Amministrazione,media
i0e3z5kf,Richiesta fattura per prestazione professionale,Non trovo traccia della ricevuta per l'ordine ORD-2024-001 nel sistema contabile.,Amministrazione,media
m6zf5z8h,Tempi di consegna per consulenza strategica,Entro quando potremmo ricevere con SLA garantito se ordinassimo oggi?,Commerciale,bassa
3l7uhbn3,Pagamento trimestre chiuso in sospeso,Ho completato l'operazione di pagamento la rata semestrale ma non vedo aggiornamenti.,Amministrazione,alta
k654m797,Richiesta preventivo per modulo CRM,Avrei bisogno di un'offerta per la configurazione enterprise comprensiva di costi e tempi di implementazione.,Commerciale,media
v396monk,Richiesta rimborso per quota associativa,È possibile ottenere l'accredito di quanto versato per gennaio 2024?,Amministrazione,media
rt4w11e7,Pagamento prestazione professionale in sospeso,Il versamento relativo a l'importo convenuto non appare nell'estratto conto. È andato a buon fine?,Amministrazione,media
nwlkcjs7,Richiesta preventivo per modulo CRM,Siamo interessati a 50 licenze e vorremmo conoscere i prezzi applicabili.,Commerciale,media
645u05gj,Sincronizzazione elaborazione batch,I dati in in orario di punta non sono allineati con le altre sezioni del sistema.,Tecnico,alta
tluw8uu5,Stato prenotazione piattaforma integrata,Serve un tracking della fornitura la configurazione enterprise.,Commerciale,media
mu9mmh46,Pagamento servizio cloud in sospeso,Il bonifico relativo alla transazione del 15/10 non è stato ancora accreditato. C'è qualche problema?,Amministrazione,alta
fsw5k63b,Pagamento periodo fiscale in sospeso,"Il saldo la posizione cliente CLI-789 dovrebbe già essere stato processato, ma non risulta.",Amministrazione,alta
f6jne34h,Sincronizzazione gestione utenti,I dati in tramite l'interfaccia web non sono allineati con le altre sezioni del sistema.,Tecnico,media
qbi6uepk,Richiesta rimborso per licenza software,Chiedo la restituzione della somma pagata per la fornitura di dicembre causa inadempienza.,Amministrazione,media
i3hnjwl0,Stato necessità toolkit sviluppo,Potete fornirmi informazioni sulla spedizione modalità SaaS?,Commerciale,bassa
9e2e9r6s,Stato ordine supporto tecnico,L'ordine il cliente aziendale non è ancora arrivato. Potete verificare a che punto è?,Commerciale,media
1jneomoj,Disponibilità articolo piattaforma integrata,Avremmo necessità di modalità SaaS per un progetto imminente. È in stock?,Commerciale,bassa
rp4vkaih,Pagamento canone mensile in sospeso,Il pagamento della rata semestrale risulta ancora in elaborazione da diversi giorni. Potete verificare lo stato?,Amministrazione,media
rnoji0rx,Richiesta fattura per canone mensile,Non ho ancora ricevuto la fattura relativa a l'accordo commerciale. Potreste inviarla?,Amministrazione,media
65gyq97z,Interruzione servizio archiviazione,L'applicazione si arresta improvvisamente quando utilizzo dopo l'ultimo aggiornamento.,Tecnico,bassa
12ji0awn,Verifica importo rendiconto contratto di manutenzione,C'è uno scostamento tra l'importo del servizio premium e quanto preventivato inizialmente.,Amministrazione,media
vxqy0v2e,irregolarità nel modulo notifiche,Il modulo con utenti multipli produce output non deterministici.,Tecnico,media
q4viscqo,Anomalia nel modulo modulo contabilità,Il modulo attraverso API REST produce output non deterministici.,Tecnico,alta
6cu21szy,Tempi di consegna per modulo CRM,Potete garantire la consegna urgente di per sede Milano?,Commerciale,media
p3b4qqzy,criticità nel modulo stampa documenti,Si manifesta un bug critico quando opero con sulla dashboard principale.,Tecnico,alta
ru0na3s9,Richiesta fattura per prestazione professionale,Non ho ancora ricevuto la fattura relativa al pagamento ricorrente. Potreste inviarla?,Amministrazione,media
4kc2s0e1,Tempi di consegna per licenze enterprise,Abbiamo necessità di con contratto annuale per il giorno X. È fattibile?,Commerciale,alta
fo3wcclx,malfunzionamento nel modulo sincronizzazione,C'è un difetto evidente nel comportamento di da ieri sera.,Tecnico,alta
4aq3nu9q,Accesso negato a stampa documenti,La mia sessione su con file superiori a 10MB viene terminata automaticamente dopo pochi secondi.,Tecnico,bassa
3buqlewq,Tempi di consegna per pacchetto standard,Quanto tempo richiede l'evasione di per sede Milano?,Commerciale,media
k2u6v3z9,Accesso negato a sincronizzazione,L'autenticazione su dalla versione 2. 3 fallisce anche se inserisco la password corretta.,Tecnico,alta
wphzrd14,Verifica importo fattura mese corrente,Abbiamo notato che il contratto quadro riporta cifre diverse da quelle concordate contrattualmente.,Amministrazione,media
e6hy8zp8,Stato ordine piano premium,La commessa versione professionale risulta ancora in elaborazione dopo due settimane.,Commerciale,media
5j4yqur6,Verifica importo fattura servizio premium,Abbiamo notato che il contratto quadro riporta cifre diverse da quelle concordate contrattualmente.,Amministrazione,alta
83prspsn,Documentazione contabile quota associativa,Serve l'estratto di tutte le operazioni il servizio di supporto per audit.,Amministrazione,bassa
kuyw7eou,Stato acquisto manutenzione estesa,La richiesta 10 utenti è stata presa in carico?,Commerciale,media
h8d63hkl,Richiesta fattura per quota associativa,Vorrei ottenere copia della documentazione fiscale relativa al contratto quadro.,Amministrazione,media
q3pnwzx2,Pagamento contratto di manutenzione in sospeso,"Il saldo contratto n. 12345 dovrebbe già essere stato processato, ma non risulta.",Amministrazione,media
s3v2sept,Interruzione servizio elaborazione batch,L'applicazione termina inaspettatamente durante nel servizio schedulato.,Tecnico,alta
imk8gxe2,Accesso negato a upload file,Il sistema mi impedisce di entrare in sulla dashboard principale dicendo che non ho i permessi.,Tecnico,alta
i92dhags,Accesso negato a gestione utenti,Non ho più i privilegi necessari per operare su in modalità avanzata.,Tecnico,alta
p1xi76wk,Verifica importo fattura quota associativa,C'è uno scostamento tra l'importo di gennaio 2024 e quanto preventivato inizialmente.,Amministrazione,media
bo5876p9,Richiesta nota di credito per trimestre chiuso,Mi serve urgentemente il documento fiscale della fornitura di dicembre per la chiusura.,Amministrazione,media
yx59jt7h,Richiesta preventivo per toolkit sviluppo,Serve una valutazione economica per il cliente aziendale.,Commerciale,alta
sz5u0xp7,Interruzione servizio upload file,L'utilizzo di con utenti multipli causa l'arresto dell'intera applicazione senza salvare.,Tecnico,alta
88tmrqvt,Anomalia nel modulo upload file,Il modulo dopo l'ultimo aggiornamento produce output non deterministici.,Tecnico,alta
wyjn6lp4,Richiesta preventivo per modulo CRM,Vorrei ricevere un preventivo dettagliato per per sede Milano con le relative condizioni commerciali.,Commerciale,media
8g8xmf54,Stato ordine piattaforma integrata,L'ordine bundle completo non è ancora arrivato. Potete verificare a che punto è?,Commerciale,media
